Reporting Railroad Code,Reporting Railroad Name,Year,Accident Number,PDF Link,Accident Year,Accident Month,Other Railroad Code,Other Railroad Name,Other Accident Number,Other Accident Year,Other Accident Month,Maintenance Railroad Code,Maintenance Railroad Name,Maintenance Accident Number,Maintenance Accident Year,Maintenance Accident Month,Grade Crossing ID,Day,Date,Time,Accident Type Code,Accident Type,Hazmat Cars,Hazmat Cars Damaged,Hazmat Released Cars,Persons Evacuated,Subdivision,Division Code,Division,Station,Milepost,State Code,State Abbreviation,State Name,County Code,County Name,District,Temperature,Visibility Code,Visibility,Weather Condition Code,Weather Condition,Track Type Code,Track Type,Track Name,Track Class,Track Density,Train Direction Code,Train Direction,Equipment Type Code,Equipment Type,Equipment Attended,Train Number,Train Speed,Recorded Estimated Speed,Maximum Speed,Gross Tonnage,Signalization Code,Signalization,Method of Operation Code,Method of Operation,Adjunct Code 1,Adjunct Name 1,Adjunct Code 2,Adjunct Name 2,Adjunct Code 3,Adjunct Name 3,Remote Control Locomotive Code,Remote Control Locomotive,First Car Initials,First Car Number,First Car Position,First Car Loaded,Causing Car Initials,Causing Car Number,Causing Car Position,Causing Car Loaded,Positive Alcohol Tests,Positive Drug Tests,Passengers Transported,Head End Locomotives,Mid Train Manual Locomotives,Mid Train Remote Locomotives,Rear End Manual Locomotives,Rear End Remote Locomotives,Derailed Head End Locomotives,Derailed Mid Train Manual Locomotives,Derailed Mid Train Remote Locomotives,Derailed Rear End Manual Locomotives,Derailed Rear End Remote Locomotives,Loaded Freight Cars,Loaded Passenger Cars,Empty Freight Cars,Empty Passenger Cars,Cabooses,Derailed Loaded Freight Cars,Derailed Loaded Passenger Cars,Derailed Empty Freight Cars,Derailed Empty Passenger Cars,Derailed Cabooses,Equipment Damage Cost,Track Damage Cost,Total Damage Cost,Primary Accident Cause Code,Primary Accident Cause,Contributing Accident Cause Code,Contributing Accident Cause,Accident Cause Code,Accident Cause,Engineers On Duty,Firemen On Duty,Conductors On Duty,Brakemen On Duty,Hours Engineers On Duty,Minutes Engineers On Duty,Hours Conductors On Duty,Minutes Conductors On Duty,Railroad Employees Killed,Railroad Employees Injured,Passengers Killed,Passengers Injured,Others Killed,Others Injured,Reporting Railroad Fatalities for 55a,Reporting Railroad Injuries for 55a,Total Persons Killed,Total Persons Injured,Total Killed Form 54,Total Injured Form 54,Special Study 1,Special Study 2,Latitude,Longitude,Narrative,Joint Track Type,Joint Track Class,Class Code,Class,Joint CD,Incident Key,Report Key,Reporting Railroad Company Grouping,Reporting Railroad Class,Reporting Railroad SMT Grouping,Reporting Parent Railroad Code,Reporting Parent Railroad Name,Reporting Railroad Holding Company,Other Railroad Company Grouping,Other Railroad Class,Other Railroad SMT Grouping,Other Parent Railroad Code,Other Parent Railroad Name,Other Railroad Holding Company,Maintenance Railroad Company Grouping,Maintenance Railroad Class,Maintenance Railroad SMT Grouping,Maintenance Parent Railroad Code,Maintenance Parent Railroad Name,Maintenance Railroad Holding Company,Location,Type,geometry,Accident_Date,50,100
KCS,Kansas City Southern Railway Company,2020,20042002,https://safetydata.fra.dot.gov/Officeofsafety/Publicsite/FORM54/F54Report.aspx?RepType=SQL&txtf54key=KCS2004200220200420,20,4,,,,,,KCS,Kansas City Southern Railway Company,20042002,20,4,,20,04/20/2020,2:35 PM,9,Obstruction,7,0,0,0,MERIDIAN,,,VICKSBURG,00138.,28,MS,MISSISSIPPI,149,WARREN,3,65,2,Day,1,Clear,1,Main,SINGLE MAIN TRACK,4,32.0,4.0,West,1,Freight Train,Yes,IATD,32,Estimated,32,3591,1,Signaled,,Signal Indication,Q,Traffic Control System/CTC,,,,,0.0,Not a remotely controlled operation,NS,9394.0,1,No,,,0,,,,No,2,0,0,0,0,2,0,0,0,0,31,0,0,0,0,2,0,0,0,0,203513,97352,300865,M101,"Snow, ice, mud, gravel, coal, sand, etc. on track",,,M101,"Snow, ice, mud, gravel, coal, sand, etc. on track",1.0,0.0,1.0,0.0,2.0,20.0,2.0,20.0,0,0,0,0,0,0,0,0,0,0,0,0,CWR,000-000-000,32.344237,-90.862974,STRUCK A MUDSLIDE AND CARS DERAILED.  MP 138.4 MERIDIAN SUBDIVISION,Main,4,1,1,1,KCS20042002202004,KCS20042002202004,,Class 1,SMT-6 - UP/KCS,CPKC,CANADIAN PACIFIC KANSAS CITY,Kansas City Southern Railway Company,,,,,,,,Class 1,SMT-6 - UP/KCS,CPKC,CANADIAN PACIFIC KANSAS CITY,Kansas City Southern Railway Company,POINT (-90.862974 32.344237),3,POINT (-90.862974 32.34423700000002),2020-04-20,,
CSX,CSX Transportation,2011,000090318,https://safetydata.fra.dot.gov/Officeofsafety/Publicsite/FORM54/F54Report.aspx?RepType=SQL&txtf54key=CSX00009031820110604,11,6,,,,,,CSX,CSX Transportation,000090318,11,6,,4,06/04/2011,11:45 PM,12,Other impacts,0,0,0,0,INDIANAPOLIS TERMINA,,,AVON,0009.0,18,IN,INDIANA,63,HENDRICKS,4,72,4,Dark,1,Clear,2,Yard,GROUP 3 RETARDER,1,0.0,3.0,East,5,Single Car,No,,6,Estimated,6,0,2,Not Signaled,,Other Than Main Track,K,Restricted Speed or Equivalent,,,,,0.0,Not a remotely controlled operation,ACFX,39196.0,1,Yes,,,0,,,,No,0,0,0,0,0,0,0,0,0,0,1,0,0,0,0,0,0,0,0,0,12000,0,12000,M199,Other extreme environmental conditions (Provide detailed description in narrative),,,M199,Other extreme environmental conditions (Provide detailed description in narrative),0.0,0.0,0.0,0.0,,,,,0,0,0,0,0,0,0,0,0,0,0,0,OTH,,39.759222,-86.3539,"AVON TERMINAL LOST POWER DUE TO A LIGHTING STRIKE FROM A SEVER STORM. THIS CAUSED THE RETARDERS IN ALL GROUPS TO CLOSE, CATCHING THE ADMX 16639 AND DMIX 190405 ON THE EAST END OF GROUP 3 RETARDER. THETHIRD CAR, ACFX 39196 STRUCK DMIX 39196 IN GROUP 3 RETARDER CAUSING TRUCKS TO SLIDE BACK WEST TOWARDS THE MIDDLE OF THE CAR.",Yard,1,1,1,1,CSX000090318201106,CSX000090318201106,,Class 1,SMT-9 - CSX,CSX,CSX Transportation,CSX Transportation,,,,,,,,Class 1,SMT-9 - CSX,CSX,CSX Transportation,CSX Transportation,POINT (-86.3539 39.759222),3,POINT (-86.3539 39.75922200000001),2011-06-04,,
CSX,CSX Transportation,2015,000142701,https://safetydata.fra.dot.gov/Officeofsafety/Publicsite/FORM54/F54Report.aspx?RepType=SQL&txtf54key=CSX00014270120150305,15,3,,,,,,CSX,CSX Transportation,000142701,15,3,,5,03/05/2015,12:54 AM,12,Other impacts,17,0,0,0,KINGSPORT,,,BREAKS,0003.7,51,VA,VIRGINIA,51,DICKENSON,2,34,4,Dark,5,Sleet,1,Main,SINGLE MAIN,2,28.4,4.0,West,1,Freight Train,Yes,Q696,12,Recorded,12,3295,1,Signaled,,Signal Indication,D,Automatic Block Signals System,,,,,0.0,Not a remotely controlled operation,CSXT,101.0,1,No,,,0,,,,No,2,0,0,0,0,0,0,0,0,0,21,0,16,0,0,0,0,0,0,0,25455,0,25455,M404,"Object or equipment on or fouling track - other than above (for  vandalism, see code M503)",,,M404,"Object or equipment on or fouling track - other than above (for  vandalism, see code M503)",1.0,0.0,1.0,0.0,2.0,54.0,2.0,54.0,0,0,0,0,0,0,0,0,0,0,0,0,CWR,000-000-00,37.288731,-82.313474,"Q69604 ENCOUNTERED A ROCK SLIDE AND PLACED TRAIN IN EMERGENCY TRYING TO STOP SHORT, BUT HIT THE ROCKSLIDE.  DAMAGE TO LOCOMOTIVE BUT NO DERAILMENT.",Main,2,1,1,1,CSX000142701201503,CSX000142701201503,,Class 1,SMT-9 - CSX,CSX,CSX Transportation,CSX Transportation,,,,,,,,Class 1,SMT-9 - CSX,CSX,CSX Transportation,CSX Transportation,POINT (-82.313474 37.288731),3,POINT (-82.313474 37.288730999999956),2015-03-05,,
CSX,CSX Transportation,2019,000186844,https://safetydata.fra.dot.gov/Officeofsafety/Publicsite/FORM54/F54Report.aspx?RepType=SQL&txtf54key=CSX00018684420191130,19,11,,,,,,CSX,CSX Transportation,000186844,19,11,,30,11/30/2019,4:56 PM,9,Obstruction,0,0,0,0,BIG SANDY,,,AUXIER,0066.2,21,KY,KENTUCKY,71,FLOYD,3,46,3,Dusk,3,Rain,1,Main,#1 MAIN,2,12.8,4.0,West,1,Freight Train,Yes,N313,4,Recorded,4,15382,1,Signaled,,Signal Indication,,,,,,,0.0,Not a remotely controlled operation,CSXT,740.0,1,No,,,0,,,,No,3,0,0,0,0,0,0,0,0,0,108,0,0,0,0,0,0,0,0,0,69700,0,69700,M404,"Object or equipment on or fouling track - other than above (for  vandalism, see code M503)",,,M404,"Object or equipment on or fouling track - other than above (for  vandalism, see code M503)",1.0,0.0,1.0,0.0,4.0,51.0,4.0,51.0,0,0,0,0,0,0,0,0,0,0,0,0,CWR,000-000-000,37.743762,-82.781792,N31329 TRAVELING WEST ON BIG SANDY STRUCK ROCK SLIDE ON NUMBER 1 MAIN.,Main,2,1,1,1,CSX000186844201911,CSX000186844201911,,Class 1,SMT-9 - CSX,CSX,CSX Transportation,CSX Transportation,,,,,,,,Class 1,SMT-9 - CSX,CSX,CSX Transportation,CSX Transportation,POINT (-82.781792 37.743762),3,POINT (-82.781792 37.74376199999997),2019-11-30,,
CSX,CSX Transportation,2020,000188437,https://safetydata.fra.dot.gov/Officeofsafety/Publicsite/FORM54/F54Report.aspx?RepType=SQL&txtf54key=CSX00018843720200213,20,2,,,,,,CSX,CSX Transportation,000188437,20,2,,13,02/13/2020,6:54 AM,1,Derailment,96,4,2,15,KINGSPORT,,,ELKHORN CITY,0123.5,21,KY,KENTUCKY,195,PIKE,3,57,1,Dawn,3,Rain,1,Main,SINGLE MAIN,2,7.2,2.0,South,1,Freight Train,Yes,K429,24,Recorded,24,13172,1,Signaled,,Signal Indication,,,,,,,0.0,Not a remotely controlled operation,CSXT,168.0,1,No,,,0,,0.0,0.0,No,3,0,0,0,0,3,0,0,0,0,98,0,0,0,0,5,0,0,0,0,2232901,58530,2291431,M103,Extreme environmental condition - FLOOD,,,M103,Extreme environmental condition - FLOOD,1.0,0.0,1.0,0.0,6.0,4.0,6.0,4.0,0,2,0,0,0,0,0,2,0,2,0,2,CWR,000-000-000,37.338256,-82.396022,"K42911 DERAILED ON MAINLINE AFTER STRIKING A MUD SLIDE ON THE KINGSPORT SUBDIVISION.  THE MUDSLIDE ORIGINATED ON THE ADJACENT PROPERTY NORTH OF THE MAILNLINE AND OVER RAN THE MAIN LINE WHEN THE TRAINENCOUNTERED IT DURING RAIN AND FOG. THIS RESULTED IN DERAILING THE 3 LOCOMOTIVES AND LINES 1-5 OF THE TRAIN CONSIST.  THE LOCOMOTIVES CAME TO REST ON THE EMBANKMENT OF THE BIG SANDY RIVER.  TWO CARS RELEASED ALCOHOL NOS, STTC #4909152; CAR TILX 194769 RELEASED 28,800 GALLONS AND CAR TILX 192469 RELEASED 9680 GALLONS.",Main,2,1,1,1,CSX000188437202002,CSX000188437202002,,Class 1,SMT-9 - CSX,CSX,CSX Transportation,CSX Transportation,,,,,,,,Class 1,SMT-9 - CSX,CSX,CSX Transportation,CSX Transportation,POINT (-82.396022 37.338256),3,POINT (-82.396022 37.33825600000004),2020-02-13,,
ATK,Amtrak (National Railroad Passenger Corporation),2013,127824,https://safetydata.fra.dot.gov/Officeofsafety/Publicsite/FORM54/F54Report.aspx?RepType=SQL&txtf54key=ATK12782420130407,13,4,,,,,,BNSF,BNSF Railway Company,NW0413103,13,4,,7,04/07/2013,8:50 AM,1,Derailment,0,0,0,0,SCENIC,,,EVERETT,0031.8,53,WA,WASHINGTON,61,SNOHOMISH,8,44,2,Day,3,Rain,1,Main,MAIN 2 TRACK,4,,4.0,West,2,Passenger Train - Pulling,Yes,7,31,Recorded,31,0,1,Signaled,,Signal Indication,Q,Traffic Control System/CTC,,,,,0.0,Not a remotely controlled operation,AMT,38039.0,7,Yes,,,0,,,,Yes,2,0,0,0,0,0,0,0,0,0,0,7,0,0,0,0,3,0,0,0,69000,0,134000,M101,"Snow, ice, mud, gravel, coal, sand, etc. on track",,,M101,"Snow, ice, mud, gravel, coal, sand, etc. on track",1.0,0.0,2.0,0.0,3.0,41.0,7.0,26.0,0,1,0,0,0,0,0,1,0,1,0,1,CWR,,47.964639,-122.239291,"TRAIN 7 OPERATING WITH LOCOMOTIVES E/72-E/12 AND 7 CARS EN ROUTE TO SEATTLE, DERAILED 3 CARS AS A RESULT OF A MUDSLIDE THAT HIT THE SIDE OF CAR 38039 DERAILING IT AND THE REAR 2 CARS.  AMTRAKS EQUIPMENT DAMAGE IS $69,000.00.",Main,4,6,6,1,BNSFNW0413103201304,ATK127824201304,Passenger (Formerly Commuter),,"SMT-1 - Amtrak, Commuter East",ATK,Amtrak (National Railroad Passenger Corporation),Amtrak,,,,,,,,Class 1,SMT-5 - BNSF,BNSF,BNSF Railway Company,BNSF Railway Company,POINT (-122.239291 47.964639),3,POINT (-122.239291 47.96463899999995),2013-04-07,1.0,1.0
CSX,CSX Transportation,2020,000194524,https://safetydata.fra.dot.gov/Officeofsafety/Publicsite/FORM54/F54Report.aspx?RepType=SQL&txtf54key=CSX00019452420201217,20,12,,,,,,CSX,CSX Transportation,000194524,20,12,,17,12/17/2020,1:51 AM,1,Derailment,0,0,0,0,CV,,,WALLINS CREEK,0232.0,21,KY,KENTUCKY,95,HARLAN,3,41,4,Dark,2,Cloudy,1,Main,CV MAIN,2,1.0,1.0,North,1,Freight Train,Yes,C604,18,Recorded,18,10500,1,Signaled,,Signal Indication,,,,,,,0.0,Not a remotely controlled operation,CSXT,5498.0,1,No,,,0,,,,No,2,0,0,0,0,2,0,0,0,0,81,0,0,0,0,8,0,0,0,0,540946,49030,589976,M199,Other extreme environmental conditions (Provide detailed description in narrative),,,M199,Other extreme environmental conditions (Provide detailed description in narrative),1.0,0.0,1.0,0.0,6.0,16.0,6.0,16.0,0,2,0,0,0,0,0,2,0,2,0,2,CWR,000-000-000,36.825089,-83.416181,C60416 TRAVELING  NORTH AT MP  0WB 232.0  STRUCK A ROCK SLIDE DERAILING 2 LOCOMOTIVES AND 8 CARS.,Main,2,1,1,1,CSX000194524202012,CSX000194524202012,,Class 1,SMT-9 - CSX,CSX,CSX Transportation,CSX Transportation,,,,,,,,Class 1,SMT-9 - CSX,CSX,CSX Transportation,CSX Transportation,POINT (-83.416181 36.825089),3,POINT (-83.416181 36.825088999999984),2020-12-17,,
CSX,CSX Transportation,2011,000097171,https://safetydata.fra.dot.gov/Officeofsafety/Publicsite/FORM54/F54Report.aspx?RepType=SQL&txtf54key=CSX00009717120111030,11,10,,,,,,CSX,CSX Transportation,000097171,11,10,,30,10/30/2011,4:45 AM,1,Derailment,0,0,0,0,METROPOLITAN,,,BUCKEYSTOWN,0070.8,24,MD,MARYLAND,21,FREDERICK,2,29,4,Dark,1,Clear,1,Main,1,3,160.1,4.0,West,1,Freight Train,Yes,Q261,30,Recorded,30,4131,1,Signaled,,Signal Indication,,,,,,,0.0,Not a remotely controlled operation,HLCX,8073.0,1,No,,,0,,,,No,2,0,0,0,0,0,0,0,0,0,0,0,77,0,0,0,0,3,0,0,28150,500,28650,M101,"Snow, ice, mud, gravel, coal, sand, etc. on track",,,M101,"Snow, ice, mud, gravel, coal, sand, etc. on track",1.0,0.0,1.0,0.0,7.0,15.0,7.0,15.0,0,0,0,0,0,0,0,0,0,0,0,0,CWR,,39.295484,-77.55764,"Q26129 REPORTS STRIKING ROCK SLIDE EXITING CATOCTIN TUNNEL, #1 TRACK. CREW PUT TRAIN INTO EMERGENCYFROM REAR AND HITTING ROCK SLIDE PUSHING DEBRIS 670 FEET. ENG HLCX 8073 HAS ONE TRUCK DERAILED AND IS FOULING #2 TRACKING.",Main,3,1,1,1,CSX000097171201110,CSX000097171201110,,Class 1,SMT-9 - CSX,CSX,CSX Transportation,CSX Transportation,,,,,,,,Class 1,SMT-9 - CSX,CSX,CSX Transportation,CSX Transportation,POINT (-77.55764 39.295484),3,POINT (-77.55764 39.29548399999999),2011-10-30,,
AM,Arkansas & Missouri Railroad Company,2014,AM101014,https://safetydata.fra.dot.gov/Officeofsafety/Publicsite/FORM54/F54Report.aspx?RepType=SQL&txtf54key=AMAM10101420141010,14,10,,,,,,AM,Arkansas & Missouri Railroad Company,AM101014,14,10,,10,10/10/2014,12:03 AM,13,Other (describe in narrative),0,0,0,0,VANBUREN,,,CHESTER,380.20,5,AR,ARKANSAS,33,CRAWFORD,5,74,4,Dark,3,Rain,1,Main,MAIN,3,2.0,2.0,South,1,Freight Train,Yes,FSTN,8,Recorded,8,5709,2,Not Signaled,,Direct Train Control,P,Track Warrant Control,F,Direct Traffic Control,,,0.0,Not a remotely controlled operation,AM,70.0,1,No,,,0,,,,No,3,0,0,0,0,3,0,0,0,0,98,0,71,0,0,1,0,0,0,0,1250000,58000,1308000,M103,Extreme environmental condition - FLOOD,M199,Other extreme environmental conditions (Provide detailed description in narrative),M103,Extreme environmental condition - FLOOD,1.0,0.0,1.0,0.0,4.0,3.0,4.0,3.0,0,1,0,0,0,0,0,1,0,1,0,1,CWR,,35.727603,-94.160728,"TRACK FLOODED OUT,ROCK AND MUDSLIDE.  TWO OF THE THREE LOCOCOMTIVES ROLLED OVER. CONDUCTOR INJURED",Main,3,3,3,1,AMAM101014201410,AMAM101014201410,Shortline,Class 3,SMT-8 - Short Line West,AM,Arkansas & Missouri Railroad Company,Not Assigned,,,,,,,Shortline,Class 3,SMT-8 - Short Line West,AM,Arkansas & Missouri Railroad Company,Not Assigned,POINT (-94.160728 35.727603),3,POINT (-94.160728 35.72760300000004),2014-10-10,,
SLRG,San Luis & Rio Grande Railroad,2021,SL210518A,https://safetydata.fra.dot.gov/Officeofsafety/Publicsite/FORM54/F54Report.aspx?RepType=SQL&txtf54key=SLRGSL210518A20210518,21,5,,,,,,SLRG,San Luis & Rio Grande Railroad,SL210518A,21,5,,18,05/18/2021,1:30 PM,9,Obstruction,0,0,0,0,ALAMOSA,,,LA VETA,203.35,8,CO,COLORADO,55,HUERFANO,6,30,2,Day,6,Snow,1,Main,SINGLE MAIN TRACK,1,0.5381,3.0,East,A,Spec. MoW Equip.,Yes,MOW,0,Estimated,0,0,2,Not Signaled,,Direct Train Control,P,Track Warrant Control,,,,,0.0,Not a remotely controlled operation,PLOW,,1,Yes,,,0,,,,No,0,0,0,0,0,0,0,0,0,0,1,0,0,0,0,0,0,0,0,0,0,0,0,M101,"Snow, ice, mud, gravel, coal, sand, etc. on track",,,M101,"Snow, ice, mud, gravel, coal, sand, etc. on track",1.0,0.0,0.0,0.0,8.0,30.0,,,0,0,0,0,0,0,0,0,0,0,0,0,OTH,000-000-000,37.484494,-105.153448,"THE MAINTENANCE-OF-WAY SNOW PLOW STOPPED UNEXPECTEDLY ON THE 3% DESCENDING GRADE DUE TO ROCK SLIDE DEBRIS.  HYRAIL TRUCK #02 THAT WAS FOLLOWING 600 FEET BEHIND THE PLOW APPLIED ITS BRAKES TO STOP, BUTCOULD NOT STOP DUE TO THE ICE AND FINE SNOW THAT WAS ON THE RAIL OF THE STEEP DESCENDING GRADE.  THE HYRAIL TRUCK STRUCK THE STANDING SNOW PLOW, RESULTING IN DAMAGE TO THE FRONT OF THE HYRAIL TRUCK ONLY.

ALTHOUGH BOX 25 SHOWS THIS EQUIPMENT AS SPECIALIZED MAINTENANCE OF WAY EQUIPMENT, AN ERROR IS SHOWN IF INFORMATION IN BOX 35 IS LEFT BLANK.",Main,1,3,3,1,SLRGSL210518A202105,SLRGSL210518A202105,Shortline,Class 3,SMT-7 - Commuter West,SLRG,San Luis & Rio Grande Railroad,Iowa Pacific,,,,,,,Shortline,Class 3,SMT-7 - Commuter West,SLRG,San Luis & Rio Grande Railroad,Iowa Pacific,POINT (-105.153448 37.484494),3,POINT (-105.153448 37.484494),2021-05-18,,
LI,Long Island Rail Road,2024,84061,https://safetydata.fra.dot.gov/Officeofsafety/Publicsite/FORM54/F54Report.aspx?RepType=SQL&txtf54key=LI8406120241123,24,11,,,,,,LI,Long Island Rail Road,84061,24,11,,23,11/23/2024,5:17 AM,9,Obstruction,0,0,0,0,HEMPSTEAD,,,HEMPSTEAD,19.6,36,NY,NEW YORK,59,NASSAU,1,42,4,Dark,2,Cloudy,2,Yard,TRACK 3,1,,3.0,East,D,EMU,Yes,LI 6,5,Recorded,5,0,2,Not Signaled,,Other Than Main Track,K,Restricted Speed or Equivalent,L,Special Instructions,,,0.0,Not a remotely controlled operation,LI,9112.0,1,No,,,0,,0.0,0.0,No,0,0,0,0,0,0,0,0,0,0,0,0,0,8,0,0,0,0,1,0,33914,0,33914,M199,Other extreme environmental conditions (Provide detailed description in narrative),,,M199,Other extreme environmental conditions (Provide detailed description in narrative),1.0,0.0,1.0,1.0,4.0,33.0,4.0,33.0,0,0,0,0,0,0,0,0,0,0,0,0,680,1,40.712643,-73.626771,"LI TRAIN 6706 STRUCK THE BUMPING POST ON TRACK 3, HEMPSTEAD TRACK 3. THE CREW WAS PERFORMING A YARDMOVE AND AS A RESULT OF THE OBSTRUCTION INCIDENT, THE LEAD CAR DERAILED. SLIP SLIDE CONDITIONS WEREDETERMINED TO BE THE PRIMARY CAUSING FACTOR IN THIS INCIDENT.",Yard,1,6,6,1,LI84061202411,LI84061202411,"Tourist, Excursion, Historical",,"SMT-1 - Amtrak, Commuter East",LI,Long Island Rail Road,Not Assigned,,,,,,,"Tourist, Excursion, Historical",,"SMT-1 - Amtrak, Commuter East",LI,Long Island Rail Road,Not Assigned,POINT (-73.626771 40.712643),3,POINT (-73.626771 40.71264299999996),2024-11-23,,
BNSF,BNSF Railway Company,2022,MT0522101,https://safetydata.fra.dot.gov/Officeofsafety/Publicsite/FORM54/F54Report.aspx?RepType=SQL&txtf54key=BNSFMT052210120220501,22,5,,,,,,BNSF,BNSF Railway Company,MT0522101,22,5,,1,05/01/2022,12:06 AM,1,Derailment,5,0,0,0,GLASGOW,,,DES LACS,9.5,38,ND,NORTH DAKOTA,101,WARD,8,38,4,Dark,2,Cloudy,1,Main,MAIN 2 TRACK,5,25.15,3.0,East,1,Freight Train,Yes,ZPTL,55,Estimated,55,5921,1,Signaled,,Signal Indication,Q,Traffic Control System/CTC,,,,,0.0,Not a remotely controlled operation,DTTX,727801.0,7,Yes,,,0,,,,No,3,0,0,0,0,0,0,0,0,0,68,0,0,0,0,15,0,0,0,0,1000000,280000,1280000,T002,Washout/rain/slide/flood/snow/ice damage to track,,,T002,Washout/rain/slide/flood/snow/ice damage to track,1.0,0.0,1.0,0.0,7.0,6.0,7.0,6.0,0,0,0,0,0,0,0,0,0,0,0,0,CWR,000-000-000,48.2478,-101.471088,Z PTLCHC7 29A DERAILED 15 RAILCARS DUE TO WASHOUT/RAIN/SLIDE/FLOOD/SNOW/ICE DAMAGE TO TRACK. NO HAZMAT WAS RELEASED.,Main,5,1,1,1,BNSFMT0522101202205,BNSFMT0522101202205,,Class 1,SMT-5 - BNSF,BNSF,BNSF Railway Company,BNSF Railway Company,,,,,,,,Class 1,SMT-5 - BNSF,BNSF,BNSF Railway Company,BNSF Railway Company,POINT (-101.471088 48.2478),3,POINT (-101.471088 48.247800000000055),2022-05-01,,
CSX,CSX Transportation,2019,000180958,https://safetydata.fra.dot.gov/Officeofsafety/Publicsite/FORM54/F54Report.aspx?RepType=SQL&txtf54key=CSX00018095820190124,19,1,,,,,,CSX,CSX Transportation,000180958,19,1,,24,01/24/2019,4:00 AM,9,Obstruction,0,0,0,0,NORTHERN,,,CHILLICOTHE,0034.5,39,OH,OHIO,131,PIKE,2,27,4,Dark,6,Snow,1,Main,SINGLE MAIN TRACK,4,30.4,4.0,West,1,Freight Train,Yes,T612,35,Estimated,35,14769,1,Signaled,,Signal Indication,,,,,,,0.0,Not a remotely controlled operation,CSXT,911.0,1,Yes,,,0,,,,No,2,0,0,0,0,0,0,0,0,0,110,0,0,0,0,0,0,0,0,0,33046,0,33046,M404,"Object or equipment on or fouling track - other than above (for  vandalism, see code M503)",,,M404,"Object or equipment on or fouling track - other than above (for  vandalism, see code M503)",1.0,0.0,1.0,0.0,4.0,30.0,4.0,30.0,0,0,0,0,0,0,0,0,0,0,0,0,CWR,000-000-000,39.147303,-82.865428,T61221 STRUCK TREES FROM LAND SLIDE.,Main,4,1,1,1,CSX000180958201901,CSX000180958201901,,Class 1,SMT-9 - CSX,CSX,CSX Transportation,CSX Transportation,,,,,,,,Class 1,SMT-9 - CSX,CSX,CSX Transportation,CSX Transportation,POINT (-82.865428 39.147303),3,POINT (-82.865428 39.147302999999965),2019-01-24,,
WE,Wheeling & Lake Erie Railway Company,2020,200035,https://safetydata.fra.dot.gov/Officeofsafety/Publicsite/FORM54/F54Report.aspx?RepType=SQL&txtf54key=WE20003520200421,20,4,,,,,,WE,Wheeling & Lake Erie Railway Company,200035,20,4,,21,04/21/2020,8:30 PM,13,Other (describe in narrative),157,5,0,0,RIVER,,,DILLONVALE,00199.,39,OH,OHIO,81,JEFFERSON,2,39,4,Dark,3,Rain,1,Main,STORAGE TRACK,2,1.2,3.0,East,6,Cut of cars,No,,0,Recorded,0,200,2,Not Signaled,,Yard/Restricted Limits,,,,,,,0.0,Not a remotely controlled operation,TILX,303316.0,1,No,,,0,,,,No,0,0,0,0,0,0,0,0,0,0,0,0,157,0,0,0,0,5,0,0,34632,0,34632,M199,Other extreme environmental conditions (Provide detailed description in narrative),M103,Extreme environmental condition - FLOOD,M199,Other extreme environmental conditions (Provide detailed description in narrative),0.0,0.0,0.0,0.0,,,,,0,0,0,0,0,0,0,0,0,0,0,0,OTH,000-000-000,40.192868,-80.795118,"HEAVY RAINFALL CAUSED A MUD SLIDE / FLOOD THAT DERAILED 5 EMPTY NGL TANK CARS IN DILLIONVALE STORAGETRACK. CARS STATIC IN STORAGE, NO MOTIVE POWER INVOLVED. TILX 303316, CBTX 780850, GATX 24209, TILX301958.
DAMAGE IS ESTIMATED AT $34,632.",Main,2,Cl,Cl,1,WE200035202004,WE200035202004,,Class 2,SMT-2 - Short Line East,WE,Wheeling & Lake Erie Railway Company,Wheeling & Lake Erie,,,,,,,,Class 2,SMT-2 - Short Line East,WE,Wheeling & Lake Erie Railway Company,Wheeling & Lake Erie,POINT (-80.795118 40.192868),3,POINT (-80.795118 40.192868),2020-04-21,,
UP,Union Pacific Railroad Company,2018,0118SL006,https://safetydata.fra.dot.gov/Officeofsafety/Publicsite/FORM54/F54Report.aspx?RepType=SQL&txtf54key=UP0118SL00620180123,18,1,,,,,,UP,Union Pacific Railroad Company,0118SL006,18,1,,23,01/23/2018,7:00 AM,9,Obstruction,0,0,0,0,RIVER SUB,,,CENTERTOWN,139.0,29,MO,MISSOURI,51,COLE,6,35,2,Day,2,Cloudy,1,Main,SINGLE MAIN TRACK,4,47.2,3.0,East,1,Freight Train,Yes,CNAT,40,Estimated,40,20163,1,Signaled,,Signal Indication,D,Automatic Block Signals System,,,,,0.0,Not a remotely controlled operation,UP,7698.0,1,,,,0,,,,No,2,0,0,0,1,0,0,0,0,0,141,0,0,0,0,0,0,0,0,0,4792,16770,21562,M101,"Snow, ice, mud, gravel, coal, sand, etc. on track",,,M101,"Snow, ice, mud, gravel, coal, sand, etc. on track",1.0,0.0,1.0,0.0,6.0,17.0,6.0,17.0,0,0,0,0,0,0,0,0,0,0,0,0,CWR,000-000-000,38.689855,-92.365556,"CNATV9-20, LEAD LOCOMOTIVE UP7698, TRAVELING EAST STRUCK ROCKSLIDE, RESULTING IN LOCOMOTIVE AND TRACK DAMAGES.",Main,4,CL,CL,1,UP0118SL006201801,UP0118SL006201801,,Class 1,SMT-6 - UP/KCS,UP,Union Pacific Railroad Company,Union Pacific Railroad Company,,,,,,,,Class 1,SMT-6 - UP/KCS,UP,Union Pacific Railroad Company,Union Pacific Railroad Company,POINT (-92.365556 38.689855),3,POINT (-92.365556 38.68985499999997),2018-01-23,,
LI,Long Island Rail Road,2021,75516,https://safetydata.fra.dot.gov/Officeofsafety/Publicsite/FORM54/F54Report.aspx?RepType=SQL&txtf54key=LI7551620210901,21,9,,,,,,LI,Long Island Rail Road,75516,21,9,,1,09/01/2021,11:50 PM,9,Obstruction,0,0,0,0,LIRR PORT JEFFERSON,,,COLD SPRING HARBOR,32.2,36,NY,NEW YORK,103,SUFFOLK,1,65,4,Dark,3,Rain,1,Main,PORT JEFFERSON 1,4,9.2,3.0,East,2,Passenger Train - Pulling,Yes,LI 6,40,Recorded,40,0,1,Signaled,,Signal Indication,A,Auto Cab Signals,D,Automatic Block Signals System,,,0.0,Not a remotely controlled operation,LI,522.0,1,No,,,0,,,,,1,0,0,0,0,0,0,0,0,0,0,0,0,5,0,0,0,0,0,0,53455,0,53455,M404,"Object or equipment on or fouling track - other than above (for  vandalism, see code M503)",,,M404,"Object or equipment on or fouling track - other than above (for  vandalism, see code M503)",1.0,,1.0,1.0,8.0,19.0,8.0,19.0,0,0,0,0,0,0,0,0,0,0,0,0,CWR,000-000-000,40.837717,-73.449304,"TRAIN 676 REPORTED STRIKING DEBRIS FROM A LANDSLIDE EAST OF THE COLD SPRING HARBOR PASSENGER STATION, WEST OF W. ROGUES PATH CROSSING.",Main,4,6,6,1,LI75516202109,LI75516202109,"Tourist, Excursion, Historical",,"SMT-1 - Amtrak, Commuter East",LI,Long Island Rail Road,Not Assigned,,,,,,,"Tourist, Excursion, Historical",,"SMT-1 - Amtrak, Commuter East",LI,Long Island Rail Road,Not Assigned,POINT (-73.449304 40.837717),3,POINT (-73.449304 40.837717000000005),2021-09-01,,
UP,Union Pacific Railroad Company,2022,0522GP002,https://safetydata.fra.dot.gov/Officeofsafety/Publicsite/FORM54/F54Report.aspx?RepType=SQL&txtf54key=UP0522GP00220220506,22,5,,,,,,UP,Union Pacific Railroad Company,0522GP002,22,5,,6,05/06/2022,8:25 AM,1,Derailment,11,1,0,0,KEARNEY SUB,,,LEXINGTON,223.35,31,NE,NEBRASKA,47,DAWSON,6,43,2,Day,2,Cloudy,2,Yard,YARD 125,1,,4.0,West,1,Freight Train,Yes,LFG1,5,Estimated,5,3175,2,Not Signaled,,Other Than Main Track,,,,,,,0.0,Not a remotely controlled operation,UP,79162.0,80,No,,,0,,0.0,0.0,No,2,0,0,0,0,0,0,0,0,0,7,0,71,0,0,0,0,2,0,0,31897,8899,40796,M404,"Object or equipment on or fouling track - other than above (for  vandalism, see code M503)",,,M404,"Object or equipment on or fouling track - other than above (for  vandalism, see code M503)",1.0,0.0,1.0,1.0,4.0,25.0,4.0,25.0,0,0,0,0,0,0,0,0,0,0,0,0,OTH,000-000-000,40.77206,-99.724574,"LFG16-06, LEAD LOCOMOTIVE UP1808, WAS PULLING OUT A CUT OF CARS FROM THE LEXINGTON PASS WHEN THEY WERE INFORMED THAT THE REAR 2 CARS OF THEIR TRAIN WERE DERAILED ON THE EAST END OF 125 TRACK. UPON INSPECTION OF DERAILED CARS, THERE WAS A CHUNK OF OLDCONCRETE TIE ALONG WITH STRANDS OF REBAR FOUND UNDER THE FIRST DERAILED CAR. THIS CHUNK OF CONCRETE HAD SLIDE MARKS CONSISTENT OF BEING WEDGED IN BETWEEN THE WHEEL AND THE RAIL, CAUSING THE EMPTY CAR TO LIFT UP AND OVER WHEN BEING PULLED OUT.",Yard,1,CL,CL,1,UP0522GP002202205,UP0522GP002202205,,Class 1,SMT-6 - UP/KCS,UP,Union Pacific Railroad Company,Union Pacific Railroad Company,,,,,,,,Class 1,SMT-6 - UP/KCS,UP,Union Pacific Railroad Company,Union Pacific Railroad Company,POINT (-99.724574 40.77206),3,POINT (-99.724574 40.77206000000005),2022-05-06,,
CSX,CSX Transportation,2014,000128146,https://safetydata.fra.dot.gov/Officeofsafety/Publicsite/FORM54/F54Report.aspx?RepType=SQL&txtf54key=CSX00012814620140406,14,4,,,,,,CSX,CSX Transportation,000128146,14,4,,6,04/06/2014,3:40 PM,9,Obstruction,0,0,0,0,BIG SANDY,,,WHITEHOUSE,0053.5,21,KY,KENTUCKY,115,JOHNSON,3,70,2,Day,1,Clear,1,Main,SINGLE MAIN,3,45.6,3.0,East,1,Freight Train,Yes,G966,33,Recorded,33,9044,1,Signaled,,Signal Indication,,,,,,,0.0,Not a remotely controlled operation,CSXT,7347.0,1,No,,,0,,,,No,2,0,0,0,0,0,0,0,0,0,65,0,0,0,0,0,0,0,0,0,13024,100,13124,M404,"Object or equipment on or fouling track - other than above (for  vandalism, see code M503)",,,M404,"Object or equipment on or fouling track - other than above (for  vandalism, see code M503)",1.0,0.0,1.0,0.0,3.0,55.0,3.0,55.0,0,0,0,0,0,0,0,0,0,0,0,0,CWR,,37.854331,-82.727118,G96604 ENCOUNTERED A ROCK SLIDE.  THE ENGINEER APPLIED A FULL SERVICE BRAKE REDUCTION DUE TO GRADE/TRACK CONSIDERATIONS AND STRUCK THE SLIDE ON THE NORTH SIDE OF THE EQUIPMENT. THE LOCOMOTIVES AND HEAD 37 CARS PASSED THE SLIDE DAMAGING BOTH LOCOMOTIVES AND 9 CARS.,Main,3,1,1,1,CSX000128146201404,CSX000128146201404,,Class 1,SMT-9 - CSX,CSX,CSX Transportation,CSX Transportation,,,,,,,,Class 1,SMT-9 - CSX,CSX,CSX Transportation,CSX Transportation,POINT (-82.727118 37.854331),3,POINT (-82.727118 37.854331000000016),2014-04-06,,
CSX,CSX Transportation,2011,000097998,https://safetydata.fra.dot.gov/Officeofsafety/Publicsite/FORM54/F54Report.aspx?RepType=SQL&txtf54key=CSX00009799820111123,11,11,,,,,,CSX,CSX Transportation,000097998,11,11,,23,11/23/2011,6:30 AM,9,Obstruction,0,0,0,0,BIG SANDY,,,PAINTSVILLE,0065.5,21,KY,KENTUCKY,115,JOHNSON,3,40,2,Day,3,Rain,1,Main,MAIN 1,3,76.7,3.0,East,1,Freight Train,Yes,V280,27,Recorded,27,15269,1,Signaled,,Signal Indication,,,,,,,0.0,Not a remotely controlled operation,CSXT,938.0,1,Yes,,,0,,,,No,2,0,0,0,0,0,0,0,0,0,110,0,0,0,0,0,0,0,0,0,10500,1000,11500,M101,"Snow, ice, mud, gravel, coal, sand, etc. on track",,,M101,"Snow, ice, mud, gravel, coal, sand, etc. on track",1.0,0.0,1.0,0.0,6.0,15.0,6.0,15.0,0,0,0,0,0,0,0,0,0,0,0,0,CWR,,37.752071,-82.786722,"V28019 STRUCK MUD/ROCK SLIDE ON NO1 MAIN AT CMG 65.5.  CREW IS OK. MUD/ROCK SLIDE BLOCKING BOTH MAINTRACKS AT CMG 65.5.  V28019 RAN INTO SLIDE, WITH ROCKS UNDER ENGINES AND AGAINST CARS.  THE TRAIN WAS OPERATING ON BIG SANDY MAIN TRACK NUMBER ONE ON A CLEAR SIGNAL INDICATION AT A RECORDED SPEED OF27 MPH.",Main,3,1,1,1,CSX000097998201111,CSX000097998201111,,Class 1,SMT-9 - CSX,CSX,CSX Transportation,CSX Transportation,,,,,,,,Class 1,SMT-9 - CSX,CSX,CSX Transportation,CSX Transportation,POINT (-82.786722 37.752071),3,POINT (-82.786722 37.75207100000005),2011-11-23,,
GRS,Pan Am Railways/Guilford System,2021,20210718W4,https://safetydata.fra.dot.gov/Officeofsafety/Publicsite/FORM54/F54Report.aspx?RepType=SQL&txtf54key=GRS20210718W420210718,21,7,,,,,,GRS,Pan Am Railways/Guilford System,20210718W4,21,7,,18,07/18/2021,10:15 PM,1,Derailment,1,0,0,0,WESTERN,,,ORANGE,MP 375,25,MA,MASSACHUSETTS,11,FRANKLIN,1,70,4,Dark,2,Cloudy,1,Main,FREIGHT MAIN LINE,2,9.25,3.0,East,1,Freight Train,Yes,22K-,20,Recorded,20,4443,1,Signaled,,Signal Indication,,,,,,,0.0,Not a remotely controlled operation,DTTX,732360.0,43,Yes,,,0,,0.0,0.0,No,3,0,0,0,0,0,0,0,0,0,43,0,0,0,0,1,0,0,0,0,10950,107200,118150,M101,"Snow, ice, mud, gravel, coal, sand, etc. on track",,,M101,"Snow, ice, mud, gravel, coal, sand, etc. on track",1.0,0.0,1.0,0.0,6.0,15.0,6.0,15.0,0,0,0,0,0,0,0,0,0,0,0,0,CWR,000-000-000,42.35324,-72.26199,DERAILED 1 LOAD INTERMODAL 5 CAR SPINE WHILE TRAVELING EAST DTTX 732360 4 WHEELS DUE TO A MUD SLIDE.,Main,2,2,2,1,GRS20210718W4202107,GRS20210718W4202107,,Class 2,SMT-2 - Short Line East,GRS,Pan Am Railways/Guilford System,Not Assigned,,,,,,,,Class 2,SMT-2 - Short Line East,GRS,Pan Am Railways/Guilford System,Not Assigned,POINT (-72.26199 42.35324),3,POINT (-72.26199 42.353240000000014),2021-07-18,,
CSX,CSX Transportation,2016,000156500,https://safetydata.fra.dot.gov/Officeofsafety/Publicsite/FORM54/F54Report.aspx?RepType=SQL&txtf54key=CSX00015650020160126,16,1,,,,,,CSX,CSX Transportation,000156500,16,1,,26,01/26/2016,8:56 AM,1,Derailment,0,0,0,0,NON SUBDIVISION,,,WOLF COAL,0216.4,21,KY,KENTUCKY,25,BREATHITT,3,25,2,Day,2,Cloudy,1,Main,SINGLE MAIN TRACK,3,1.8,2.0,South,1,Freight Train,Yes,W291,30,Recorded,30,3520,1,Signaled,,Signal Indication,,,,,,,0.0,Not a remotely controlled operation,CSXT,479.0,1,No,,,0,,,,No,2,0,0,0,0,2,0,0,0,0,0,0,110,0,0,0,0,11,0,0,709387,0,709387,M101,"Snow, ice, mud, gravel, coal, sand, etc. on track",,,M101,"Snow, ice, mud, gravel, coal, sand, etc. on track",1.0,0.0,1.0,0.0,2.0,56.0,2.0,56.0,0,2,0,0,0,0,0,2,0,2,0,2,OTH,,37.397797,-83.379772,"TRAIN W29126 ENCOUNTERED A SLIDE, DERAILING 2 LOCOMOTIVES AND 11 CARS.",Main,3,1,1,1,CSX000156500201601,CSX000156500201601,,Class 1,SMT-9 - CSX,CSX,CSX Transportation,CSX Transportation,,,,,,,,Class 1,SMT-9 - CSX,CSX,CSX Transportation,CSX Transportation,POINT (-83.379772 37.397797),3,POINT (-83.379772 37.39779699999996),2016-01-26,,
CP,Canadian Pacific Railway Company,2020,1001285850,https://safetydata.fra.dot.gov/Officeofsafety/Publicsite/FORM54/F54Report.aspx?RepType=SQL&txtf54key=CP100128585020200721,20,7,,,,,,CP,Canadian Pacific Railway Company,1001285850,20,7,,21,07/21/2020,8:40 PM,1,Derailment,0,0,0,0,CARRINGTON,,,VALLEY CITY,285.6,38,ND,NORTH DAKOTA,3,BARNES,8,67,4,Dark,1,Clear,1,Main,SINGLE MAIN TRACK,3,42.0,4.0,West,1,Freight Train,Yes,6856,40,Estimated,40,19500,1,Signaled,,Signal Indication,Q,Traffic Control System/CTC,,,,,0.0,Not a remotely controlled operation,SOXX,325335.0,143,Yes,,,0,,,,No,2,0,1,0,1,0,0,0,0,1,150,0,0,0,0,11,0,0,0,0,530591,16490,547081,T099,Other roadbed defects (Provide detailed description in narrative),,,T099,Other roadbed defects (Provide detailed description in narrative),1.0,0.0,1.0,0.0,1.0,40.0,1.0,40.0,0,0,0,0,0,0,0,0,0,0,0,0,CWR,000-000-000,46.929467,-97.983564,"685-651 DERAILED REAR 11 CARS OF TRAIN AND REAR DISTRBUTED LOCOMOTIVE JUST EAST OF THE EAST SWITCH AT VALLEY CITY, MP 285.6 AFTER SLOPE FAILURE AND LANDSLIDE UNDER TRAIN.  NO DANGEROUS GOODS INVOLVED.LOADED SAND TRAIN.",Main,3,1,1,1,CP1001285850202007,CP1001285850202007,,Class 1,SMT-4 - CPKC/CP/CN/CCD,CPKC,CANADIAN PACIFIC KANSAS CITY,Not Assigned,,,,,,,,Class 1,SMT-4 - CPKC/CP/CN/CCD,CPKC,CANADIAN PACIFIC KANSAS CITY,Not Assigned,POINT (-97.983564 46.929467),3,POINT (-97.983564 46.929466999999995),2020-07-21,,
CSX,CSX Transportation,2017,000168816,https://safetydata.fra.dot.gov/Officeofsafety/Publicsite/FORM54/F54Report.aspx?RepType=SQL&txtf54key=CSX00016881620170505,17,5,MACZ,MARC Train Service,1705052030,17.0,5.0,CSX,CSX Transportation,000168816,17,5,,5,05/05/2017,8:30 PM,1,Derailment,0,0,0,0,METROPOLITAN,,,POINT OF ROCKS,0071.8,24,MD,MARYLAND,21,FREDERICK,2,73,4,Dark,2,Cloudy,1,Main,#1 MAIN,3,36.1,4.0,West,,,,,0,,38,0,1,Signaled,,Signal Indication,,,,,,,,,,,0,,,,0,,,,,0,0,0,0,0,0,0,0,0,0,0,0,0,0,0,0,0,0,0,0,0,0,500000,M404,"Object or equipment on or fouling track - other than above (for  vandalism, see code M503)",,,M404,"Object or equipment on or fouling track - other than above (for  vandalism, see code M503)",0.0,0.0,0.0,0.0,,,,,0,0,0,0,0,0,0,0,0,1,0,0,CWR,000-000-000,39.308691,-77.560083,"MARC TRAIN P88305 DERAILED DUE TO A ROCKSLIDE. MARC ESTIMATED DAMAGES = $500,00.00",Main,4,1,1,1,CSX000168816201705,CSX000168816201705,,Class 1,SMT-9 - CSX,CSX,CSX Transportation,CSX Transportation,Passenger (Formerly Commuter),,"SMT-1 - Amtrak, Commuter East",MACZ,MARC Train Service,Not Assigned,,Class 1,SMT-9 - CSX,CSX,CSX Transportation,CSX Transportation,POINT (-77.560083 39.308691),3,POINT (-77.560083 39.30869099999998),2017-05-05,,
BNSF,BNSF Railway Company,2014,TC0514104,https://safetydata.fra.dot.gov/Officeofsafety/Publicsite/FORM54/F54Report.aspx?RepType=SQL&txtf54key=BNSFTC051410420140511,14,5,,,,,,BNSF,BNSF Railway Company,TC0514104,14,5,,11,05/11/2014,11:05 PM,1,Derailment,0,0,0,0,BRAINERD,,,PILLAGER,133.1,27,MN,MINNESOTA,21,CASS,4,49,4,Dark,3,Rain,1,Main,SINGLE MAIN TRACK,4,17.59,3.0,East,1,Freight Train,Yes,CDKM,43,Recorded,43,17262,2,Not Signaled,,Direct Train Control,P,Track Warrant Control,,,,,0.0,Not a remotely controlled operation,DEEX,990411.0,7,Yes,,,0,,0.0,0.0,No,2,0,0,0,1,0,0,0,0,0,122,0,0,0,0,45,0,0,0,0,2355371,975617,3330988,T002,Washout/rain/slide/flood/snow/ice damage to track,,,T002,Washout/rain/slide/flood/snow/ice damage to track,1.0,0.0,2.0,0.0,6.0,35.0,6.0,35.0,0,0,0,0,0,0,0,0,0,0,0,0,CWR,,46.326234,-94.493889,C-DKMSU0-44 DERAILED 45 CARS WHILE TRAVERSING SINGLE MAIN TRACK.  UPDATED CAUSE FROM M505 TO T002 (WASHOUT/RAIN/SLIDE/FLOOD/SNOW/ICE DAMAGE TO TRACK),Main,4,1,1,1,BNSFTC0514104201405,BNSFTC0514104201405,,Class 1,SMT-5 - BNSF,BNSF,BNSF Railway Company,BNSF Railway Company,,,,,,,,Class 1,SMT-5 - BNSF,BNSF,BNSF Railway Company,BNSF Railway Company,POINT (-94.493889 46.326234),3,POINT (-94.493889 46.32623399999998),2014-05-11,,
MACZ,MARC Train Service,2017,1705052030,https://safetydata.fra.dot.gov/Officeofsafety/Publicsite/FORM54/F54Report.aspx?RepType=SQL&txtf54key=MACZ170505203020170505,17,5,CSX,CSX Transportation,000168816,17.0,5.0,CSX,CSX Transportation,000168816,17,5,,5,05/05/2017,8:30 PM,1,Derailment,0,0,0,23,METROPOLITAN,,,POINT OF ROCKS,BA 70.,24,MD,MARYLAND,21,FREDERICK,2,60,3,Dusk,1,Clear,1,Main,1 TRACK,4,38.5,4.0,West,3,Commuter Train - Pulling,Yes,P883,38,Recorded,38,0,1,Signaled,,Signal Indication,,,,,,,0.0,Not a remotely controlled operation,MACZ,30.0,1,No,,,0,,,,Yes,2,0,0,0,0,1,0,0,0,0,0,3,0,2,0,0,0,0,0,0,500000,0,500000,M404,"Object or equipment on or fouling track - other than above (for  vandalism, see code M503)",,,M404,"Object or equipment on or fouling track - other than above (for  vandalism, see code M503)",1.0,0.0,2.0,0.0,1.0,35.0,1.0,35.0,0,1,0,0,0,0,0,1,0,1,0,1,CWR,000-000-000,39.274399,-77.543612,MARC TRAIN P883-05 DERAILED DUE TO A ROCKSLIDE,Main,4,No,No,2,CSX000168816201705,MACZ1705052030201705,Passenger (Formerly Commuter),,"SMT-1 - Amtrak, Commuter East",MACZ,MARC Train Service,Not Assigned,,Class 1,SMT-9 - CSX,CSX,CSX Transportation,CSX Transportation,,Class 1,SMT-9 - CSX,CSX,CSX Transportation,CSX Transportation,POINT (-77.543612 39.274399),3,POINT (-77.543612 39.27439900000001),2017-05-05,,
ATK,Amtrak (National Railroad Passenger Corporation),2023,173397,https://safetydata.fra.dot.gov/Officeofsafety/Publicsite/FORM54/F54Report.aspx?RepType=SQL&txtf54key=ATK17339720230112,23,1,,,,,,UP,Union Pacific Railroad Company,0123NC021,23,1,,12,01/12/2023,8:22 PM,9,Obstruction,0,0,0,0,MARTINEZ,,,BENICIA,0039.0,6,CA,CALIFORNIA,95,SOLANO,7,55,4,Dark,2,Cloudy,1,Main,TRACK 1,4,10.0,3.0,East,B,Passenger Train - Pushing,Yes,546,59,Estimated,59,0,1,Signaled,,Signal Indication,J,Positive Train Control,Q,Traffic Control System/CTC,,,0.0,Not a remotely controlled operation,CDTX,6964.0,1,Yes,,,0,,,,Yes,0,0,0,1,0,0,0,0,0,0,0,4,0,0,0,0,1,0,0,0,11481,0,13181,M404,"Object or equipment on or fouling track - other than above (for  vandalism, see code M503)",,,M404,"Object or equipment on or fouling track - other than above (for  vandalism, see code M503)",1.0,0.0,1.0,1.0,9.0,22.0,9.0,22.0,0,1,0,0,0,0,0,1,0,1,0,1,CWR,,38.10932,-122.10078,TRAIN 546(12) DERAILED THE FIRST TRUCK (3 WHEELS) OF CAB CAR CC/6964 AFTER COLLIDING WITH A ROCK SLIDE 8 MILES EAST OF MARTINEZ. THE TRAIN WAS BEING OPERATED CAB CAR FIRST WITH CARS C/8812 C/8205 C/8207 AND LOCOMOTIVE CDTX/2006 ON THE REAR. THE TRAINREMAINED UPRIGHT LISTING TOWARD MAIN TRACK #2. THERE WAS EXTENSIVE DAMAGE REPORTED TO THE PLOW AND LOWER FRONT OF CAB CAR CC/6964.,Main,6,6,6,1,UP0123NC021202301,ATK173397202301,Passenger (Formerly Commuter),,"SMT-1 - Amtrak, Commuter East",ATK,Amtrak (National Railroad Passenger Corporation),Amtrak,,,,,,,,Class 1,SMT-6 - UP/KCS,UP,Union Pacific Railroad Company,Union Pacific Railroad Company,POINT (-122.10078 38.10932),3,POINT (-122.10077999999999 38.10931999999996),2023-01-12,,
CSX,CSX Transportation,2011,000090318,https://safetydata.fra.dot.gov/Officeofsafety/Publicsite/FORM54/F54Report.aspx?RepType=SQL&txtf54key=CSX00009031820110604,11,6,,,,,,CSX,CSX Transportation,000090318,11,6,,4,06/04/2011,11:45 PM,12,Other impacts,0,0,0,0,INDIANAPOLIS TERMINA,,,AVON,0009.0,18,IN,INDIANA,63,HENDRICKS,4,72,4,Dark,1,Clear,2,Yard,GROUP 3 RETARDER,1,0.0,3.0,East,6,Cut of cars,No,,0,Estimated,6,0,2,Not Signaled,,Other Than Main Track,K,Restricted Speed or Equivalent,,,,,0.0,Not a remotely controlled operation,DIMX,190405.0,2,No,,,0,,,,No,0,0,0,0,0,0,0,0,0,0,0,0,2,0,0,0,0,0,0,0,0,0,12000,M199,Other extreme environmental conditions (Provide detailed description in narrative),,,M199,Other extreme environmental conditions (Provide detailed description in narrative),0.0,0.0,0.0,0.0,,,,,0,0,0,0,0,0,0,0,0,0,0,0,OTH,,39.759222,-86.3539,"AVON TERMINAL LOST POWER DUE TO A LIGHTING STRIKE FROM A SEVER STORM. THIS CAUSED THE RETARDERS IN ALL GROUPS TO CLOSE, CATCHING THE ADMX 16639 AND DMIX 190405 ON THE EAST END OF GROUP 3 RETARDER. THETHIRD CAR, ACFX 39196 STRUCK DMIX 39196 IN GROUP 3 RETARDER CAUSING TRUCKS TO SLIDE BACK WEST TOWARDS THE MIDDLE OF THE CAR.",Yard,1,1,1,3,CSX000090318201106,CSX000090318201106,,Class 1,SMT-9 - CSX,CSX,CSX Transportation,CSX Transportation,,,,,,,,Class 1,SMT-9 - CSX,CSX,CSX Transportation,CSX Transportation,POINT (-86.3539 39.759222),3,POINT (-86.3539 39.75922200000001),2011-06-04,,
UP,Union Pacific Railroad Company,2023,0123RM001,https://safetydata.fra.dot.gov/Officeofsafety/Publicsite/FORM54/F54Report.aspx?RepType=SQL&txtf54key=UP0123RM00120230101,23,1,,,,,,UP,Union Pacific Railroad Company,0123RM001,23,1,,1,01/01/2023,5:46 PM,9,Obstruction,0,0,0,0,EVANSTON SUB,,,COALVILLE,944.67,49,UT,UTAH,43,SUMMIT,7,30,2,Day,2,Cloudy,1,Main,MAIN LINE 1,4,31.1,3.0,East,1,Freight Train,Yes,MWCN,0,Estimated,26,6407,1,Signaled,,Signal Indication,D,Automatic Block Signals System,J,Positive Train Control,,,0.0,Not a remotely controlled operation,UP,5489.0,1,No,,,0,,,,No,1,0,0,0,1,0,0,0,0,0,10,0,128,0,0,0,0,0,0,0,1651,5000,19632,M402,Object or equipment on or fouling track (motor vehicle - other than highway-rail crossing),,,M402,Object or equipment on or fouling track (motor vehicle - other than highway-rail crossing),1.0,0.0,1.0,0.0,4.0,51.0,4.0,51.0,0,0,0,0,0,1,0,1,0,1,0,1,CWR,000-000-000,41.039178,-111.328053,"MWCNP-30 WAS OPERATING EAST BOUND ON MAIN TRACK 2, WHEN THEY OBSERVED A TRACTOR TRAILER SLIDE OFF I80 AND LAND ACROSS BOTH MAIN TRACKS IN FRONT OF THEM AT MP944. THEY GOT STOPPED BEFORE STRIKING THE VEHICLE BLOCKING BOTH MAIN TRACKS. THE INPOA-31 WAS OPERATING APPROXIMATELY 40 MPH WEST BOUND ON MAINTRACK 1, WHEN THE CREW ON THE MWCNP WARNED THEM THERE WAS A VEHICLE ON THE TRACKS AND THEY NEEDED TO STOP THEIR TRAIN IMMEDIATELY. THE INPOA-31 IMMEDIATELY PLACED TRAIN INTO EMERGENCY, THEY THEN HITTHE TRACTOR TRAILER ON THE TRACKS AT APPROXIMATELY 26 MPH. AFTER STRIKING THE TRACTOR TRAILER, THEYDRAGGED IT DOWN THE TRACKS WHERE THE REMAINING PORTION OF THE TRACTOR STRUCK THE FRONT OF THE MWCNP-30. OCCURRED .5 MILES FROM CROSSING.",Main,4,CL,CL,1,UP0123RM001202301,UP0123RM001202301,,Class 1,SMT-6 - UP/KCS,UP,Union Pacific Railroad Company,Union Pacific Railroad Company,,,,,,,,Class 1,SMT-6 - UP/KCS,UP,Union Pacific Railroad Company,Union Pacific Railroad Company,POINT (-111.328053 41.039178),3,POINT (-111.328053 41.039177999999986),2023-01-01,,
UP,Union Pacific Railroad Company,2023,0123NC021,https://safetydata.fra.dot.gov/Officeofsafety/Publicsite/FORM54/F54Report.aspx?RepType=SQL&txtf54key=UP0123NC02120230112,23,1,ATK,Amtrak (National Railroad Passenger Corporation),173397,23.0,1.0,UP,Union Pacific Railroad Company,0123NC021,23,1,,12,01/12/2023,8:37 PM,9,Obstruction,0,0,0,0,MARTINEZ SUB,,,BENICIA,38.08,6,CA,CALIFORNIA,95,SOLANO,7,55,4,Dark,2,Cloudy,1,Main,MAIN LINE 1,6,10.1,3.0,East,,,,,0,,59,0,1,Signaled,,Signal Indication,Q,Traffic Control System/CTC,,,,,,,,,0,,,,0,,,,,0,0,0,0,0,0,0,0,0,0,0,0,0,0,0,0,0,0,0,0,0,1700,13181,M101,"Snow, ice, mud, gravel, coal, sand, etc. on track",,,M404,"Object or equipment on or fouling track - other than above (for  vandalism, see code M503)",,,,,,,,,0,0,0,0,0,0,0,0,0,1,0,0,CWR,000-000-000,38.09618,-122.103235,"MAINTAINER HAD TRACK AND TIME 21-20 ON MT 2 BETWEEN RV038 AND RV042. HE NOTIFIED DISPATCHER 262 ANDCALLED OUT TO AMT ON MAIN 1 TO STOP THEIR TRAIN FOR ROCKSLIDE. DISPATCHER ALSO CALLED OUT TO AMT546-12 TO STOP THEIR TRAIN FOR ROCKSLIDE. AMT546-12 ADVISED THEY HAD HIT THE ROCKSLIDE AND WERE IN EMERGENCY. DISPATCHER WAS ADVISED THE CAB CAR WAS OFF THE RAILS. NO INJURIES WERE REPORTED AT THIS TIME.UPON INVESTIGATION FOUND THE LEAD SET OF TRUCKS OF CAB CAR WAS DERAILED. **AMTRAK REPORTED $48,311 IN EQUIPMENT DAMAGES.**",Main,6,CL,CL,2,UP0123NC021202301,UP0123NC021202301,,Class 1,SMT-6 - UP/KCS,UP,Union Pacific Railroad Company,Union Pacific Railroad Company,Passenger (Formerly Commuter),,"SMT-1 - Amtrak, Commuter East",ATK,Amtrak (National Railroad Passenger Corporation),Amtrak,,Class 1,SMT-6 - UP/KCS,UP,Union Pacific Railroad Company,Union Pacific Railroad Company,POINT (-122.103235 38.09618),3,POINT (-122.10323500000001 38.09618000000002),2023-01-12,,
UP,Union Pacific Railroad Company,2023,0123RM001,https://safetydata.fra.dot.gov/Officeofsafety/Publicsite/FORM54/F54Report.aspx?RepType=SQL&txtf54key=UP0123RM00120230101,23,1,,,,,,UP,Union Pacific Railroad Company,0123RM001,23,1,,1,01/01/2023,5:46 PM,9,Obstruction,0,0,0,0,EVANSTON SUB,,,COALVILLE,944.67,49,UT,UTAH,43,SUMMIT,7,30,2,Day,2,Cloudy,1,Main,MAIN LINE 1,4,31.1,4.0,West,1,Freight Train,Yes,INPO,26,Estimated,26,10313,1,Signaled,,Signal Indication,D,Automatic Block Signals System,J,Positive Train Control,,,0.0,Not a remotely controlled operation,UP,8791.0,1,No,,,0,,,,No,3,0,1,0,0,0,0,0,0,0,148,0,3,0,0,0,0,0,0,0,12981,0,19632,M402,Object or equipment on or fouling track (motor vehicle - other than highway-rail crossing),,,M402,Object or equipment on or fouling track (motor vehicle - other than highway-rail crossing),1.0,0.0,1.0,1.0,5.0,46.0,5.0,46.0,0,0,0,0,0,0,0,0,0,1,0,0,CWR,000-000-000,41.039178,-111.328053,"MWCNP-30 WAS OPERATING EAST BOUND ON MAIN TRACK 2, WHEN THEY OBSERVED A TRACTOR TRAILER SLIDE OFF I80 AND LAND ACROSS BOTH MAIN TRACKS IN FRONT OF THEM AT MP944. THEY GOT STOPPED BEFORE STRIKING THE VEHICLE BLOCKING BOTH MAIN TRACKS. THE INPOA-31 WAS OPERATING APPROXIMATELY 40 MPH WEST BOUND ON MAINTRACK 1, WHEN THE CREW ON THE MWCNP WARNED THEM THERE WAS A VEHICLE ON THE TRACKS AND THEY NEEDED TO STOP THEIR TRAIN IMMEDIATELY. THE INPOA-31 IMMEDIATELY PLACED TRAIN INTO EMERGENCY, THEY THEN HITTHE TRACTOR TRAILER ON THE TRACKS AT APPROXIMATELY 26 MPH. AFTER STRIKING THE TRACTOR TRAILER, THEYDRAGGED IT DOWN THE TRACKS WHERE THE REMAINING PORTION OF THE TRACTOR STRUCK THE FRONT OF THE MWCNP-30. OCCURRED .5 MILES FROM CROSSING.",Main,4,CL,CL,3,UP0123RM001202301,UP0123RM001202301,,Class 1,SMT-6 - UP/KCS,UP,Union Pacific Railroad Company,Union Pacific Railroad Company,,,,,,,,Class 1,SMT-6 - UP/KCS,UP,Union Pacific Railroad Company,Union Pacific Railroad Company,POINT (-111.328053 41.039178),3,POINT (-111.328053 41.039177999999986),2023-01-01,,
CSX,CSX Transportation,2016,000157734,https://safetydata.fra.dot.gov/Officeofsafety/Publicsite/FORM54/F54Report.aspx?RepType=SQL&txtf54key=CSX00015773420160301,16,3,,,,,,CSX,CSX Transportation,000157734,16,3,,1,03/01/2016,8:55 PM,9,Obstruction,0,0,0,0,NON SUBDIVISION,,,MILTON,0484.5,54,WV,WEST VIRGINIA,11,CABELL,2,28,4,Dark,3,Rain,1,Main,MAIN #2,4,38.3,4.0,West,1,Freight Train,Yes,Q135,46,Estimated,46,7889,1,Signaled,,Signal Indication,Q,Traffic Control System/CTC,,,,,0.0,Not a remotely controlled operation,CSXT,4802.0,1,No,,,0,,,,No,2,0,0,0,0,0,0,0,0,0,55,0,0,0,0,0,0,0,0,0,15338,50,15388,M402,Object or equipment on or fouling track (motor vehicle - other than highway-rail crossing),,,M402,Object or equipment on or fouling track (motor vehicle - other than highway-rail crossing),1.0,0.0,1.0,0.0,8.0,55.0,8.0,55.0,0,0,0,0,0,0,0,0,0,0,0,0,CWR,000-000-000,38.417124,-82.112114,Q13529 STRUCK TREES FROM A SLIDE.,Main,4,1,1,1,CSX000157734201603,CSX000157734201603,,Class 1,SMT-9 - CSX,CSX,CSX Transportation,CSX Transportation,,,,,,,,Class 1,SMT-9 - CSX,CSX,CSX Transportation,CSX Transportation,POINT (-82.112114 38.417124),3,POINT (-82.112114 38.41712399999999),2016-03-01,,
UP,Union Pacific Railroad Company,2013,0913DV004,https://safetydata.fra.dot.gov/Officeofsafety/Publicsite/FORM54/F54Report.aspx?RepType=SQL&txtf54key=UP0913DV00420130911,13,9,,,,,,UP,Union Pacific Railroad Company,0913DV004,13,9,,11,09/11/2013,8:30 PM,1,Derailment,0,0,0,0,MOFFAT TUNNEL SUB,,,PINECLIFFE,35.0,8,CO,COLORADO,47,GILPIN,6,60,4,Dark,3,Rain,1,Main,MAINLINE,1,40.8,4.0,West,1,Freight Train,Yes,CAQW,6,Estimated,6,2868,1,Signaled,,Signal Indication,Q,Traffic Control System/CTC,,,,,0.0,Not a remotely controlled operation,CTRN,600008.0,27,No,,,0,,,,No,8,0,0,0,0,0,0,0,0,0,0,0,104,0,0,0,0,2,0,0,19421,2574,21995,M101,"Snow, ice, mud, gravel, coal, sand, etc. on track",M103,Extreme environmental condition - FLOOD,M101,"Snow, ice, mud, gravel, coal, sand, etc. on track",2.0,0.0,1.0,0.0,7.0,30.0,7.0,30.0,0,0,0,0,0,0,0,0,0,0,0,0,CWR,,39.933584,-105.400622,"CAQWE-08 WAS STRUCK BY A ROCK FROM THE SOUTH SIDE OF TRACKS.  THE TRAIN WAS ON A RESTRICTING SIGNALDUE TO SLIDE FENCE ACTIVATION BECAUSE OF FLOODING IN THE AREA.  THE ROCK IMPACTED THE SIDE OF CARS CTRN600008, DERAILING THE EAST TRUCK AND CTRN600164 DERAILING BOTH TRUCKS.",Main,1,CL,CL,1,UP0913DV004201309,UP0913DV004201309,,Class 1,SMT-6 - UP/KCS,UP,Union Pacific Railroad Company,Union Pacific Railroad Company,,,,,,,,Class 1,SMT-6 - UP/KCS,UP,Union Pacific Railroad Company,Union Pacific Railroad Company,POINT (-105.400622 39.933584),3,POINT (-105.400622 39.93358400000002),2013-09-11,,
UP,Union Pacific Railroad Company,2024,0124NC030,https://safetydata.fra.dot.gov/Officeofsafety/Publicsite/FORM54/F54Report.aspx?RepType=SQL&txtf54key=UP0124NC03020240122,24,1,,,,,,UP,Union Pacific Railroad Company,0124NC030,24,1,,22,01/22/2024,1:45 AM,13,Other (describe in narrative),1,0,0,0,CANYON SUB,,,BELDEN,251.5,6,CA,CALIFORNIA,63,PLUMAS,7,39,4,Dark,3,Rain,1,Main,SINGLE MAIN TRACK,2,24.3,4.0,West,1,Freight Train,Yes,INPO,25,Estimated,25,7971,1,Signaled,,Signal Indication,Q,Traffic Control System/CTC,,,,,0.0,Not a remotely controlled operation,UP,5882.0,87,No,,,0,,,,No,2,0,1,0,0,0,0,0,0,0,121,0,0,0,0,5,0,0,0,0,190292,99525,289817,M101,"Snow, ice, mud, gravel, coal, sand, etc. on track",,,M101,"Snow, ice, mud, gravel, coal, sand, etc. on track",1.0,0.0,1.0,0.0,4.0,45.0,4.0,45.0,0,0,0,0,0,0,0,0,0,0,0,0,9118,2,39.921268,-121.317626,"INPOA-19 HAD A ROCKSLIDE CAME DOWN OFF SIDE OF HILL AND STRUCK REAR PORTION OF TRAIN, DERAILING 5 CARS.",Main,2,CL,CL,1,UP0124NC030202401,UP0124NC030202401,,Class 1,SMT-6 - UP/KCS,UP,Union Pacific Railroad Company,Union Pacific Railroad Company,,,,,,,,Class 1,SMT-6 - UP/KCS,UP,Union Pacific Railroad Company,Union Pacific Railroad Company,POINT (-121.317626 39.921268),3,POINT (-121.31762600000002 39.92126799999999),2024-01-22,,
CSX,CSX Transportation,2015,000155637,https://safetydata.fra.dot.gov/Officeofsafety/Publicsite/FORM54/F54Report.aspx?RepType=SQL&txtf54key=CSX00015563720151231,15,12,,,,,,CSX,CSX Transportation,000155637,15,12,,31,12/31/2015,12:25 AM,9,Obstruction,0,0,0,0,LOGAN,,,SALT ROCK,0012.3,54,WV,WEST VIRGINIA,11,CABELL,2,40,4,Dark,2,Cloudy,1,Main,SINGLE MAIN,3,9.3,4.0,West,1,Freight Train,Yes,T177,35,Estimated,35,14526,1,Signaled,,Signal Indication,,,,,,,0.0,Not a remotely controlled operation,CSXT,3020.0,1,No,,,0,,,,No,3,0,0,0,0,0,0,0,0,0,102,0,0,0,0,0,0,0,0,0,21344,50,21394,M101,"Snow, ice, mud, gravel, coal, sand, etc. on track",,,M101,"Snow, ice, mud, gravel, coal, sand, etc. on track",1.0,0.0,1.0,0.0,2.0,55.0,2.0,55.0,0,0,0,0,0,0,0,0,0,0,0,0,CWR,000-000-00,38.345171,-82.217185,"T17729 STRUCK A ROCK SLIDE, DAMAGING THE STEPS ON THE LEAD AND SECOND LOCOMOTIVES. NO DERAILMENT.",Main,3,1,1,1,CSX000155637201512,CSX000155637201512,,Class 1,SMT-9 - CSX,CSX,CSX Transportation,CSX Transportation,,,,,,,,Class 1,SMT-9 - CSX,CSX,CSX Transportation,CSX Transportation,POINT (-82.217185 38.345171),3,POINT (-82.217185 38.34517100000003),2015-12-31,,
CSX,CSX Transportation,2015,000143277,https://safetydata.fra.dot.gov/Officeofsafety/Publicsite/FORM54/F54Report.aspx?RepType=SQL&txtf54key=CSX00014327720150314,15,3,,,,,,CSX,CSX Transportation,000143277,15,3,,14,03/14/2015,9:50 PM,9,Obstruction,0,0,0,0,ALLEGHENY,,,WHITE SULPHUR SPRING,0308.3,54,WV,WEST VIRGINIA,25,GREENBRIER,2,37,4,Dark,1,Clear,1,Main,#2 MAIN,3,30.5,3.0,East,1,Freight Train,Yes,U286,5,Estimated,5,21061,1,Signaled,,Signal Indication,Q,Traffic Control System/CTC,,,,,0.0,Not a remotely controlled operation,CSXT,399759.0,144,Yes,,,0,,,,No,3,0,0,0,0,0,0,0,0,0,150,0,0,0,0,0,0,0,0,0,141775,50,141825,M404,"Object or equipment on or fouling track - other than above (for  vandalism, see code M503)",M101,"Snow, ice, mud, gravel, coal, sand, etc. on track",M404,"Object or equipment on or fouling track - other than above (for  vandalism, see code M503)",1.0,0.0,1.0,0.0,4.0,50.0,4.0,50.0,0,0,0,0,0,0,0,0,0,0,0,0,CWR,000-000-00,37.788336,-80.291313,MUD/ROCK SLIDE ON #2 MAIN SOUTH SIDE OF RAIL SLIDE DOWN MOUNTAIN AND HIT SIDE OF U28613 WHILE TRAINWAS MOVING STRIKING CARS CAUSING DAMAGE TO EQUIPMENT.,Main,3,1,1,1,CSX000143277201503,CSX000143277201503,,Class 1,SMT-9 - CSX,CSX,CSX Transportation,CSX Transportation,,,,,,,,Class 1,SMT-9 - CSX,CSX,CSX Transportation,CSX Transportation,POINT (-80.291313 37.788336),3,POINT (-80.291313 37.78833599999998),2015-03-14,,
BNSF,BNSF Railway Company,2024,TC0624118,https://safetydata.fra.dot.gov/Officeofsafety/Publicsite/FORM54/F54Report.aspx?RepType=SQL&txtf54key=BNSFTC062411820240621,24,6,,,,,,BNSF,BNSF Railway Company,TC0624118,24,6,,21,06/21/2024,3:42 AM,1,Derailment,0,0,0,0,MARSHALL,,,ALVORD,159.1,19,IA,IOWA,119,LYON,6,67,4,Dark,3,Rain,1,Main,SINGLE MAIN TRACK,4,27.79,1.0,North,1,Freight Train,Yes,GPAN,20,Estimated,20,10806,2,Not Signaled,,Direct Train Control,P,Track Warrant Control,,,,,0.0,Not a remotely controlled operation,BNSF,6633.0,1,,,,0,,,,No,2,0,0,0,1,2,0,0,0,0,82,0,0,0,0,11,0,0,0,0,957661,180000,1137661,M103,Extreme environmental condition - FLOOD,,,M103,Extreme environmental condition - FLOOD,1.0,0.0,1.0,0.0,5.0,42.0,5.0,42.0,0,0,0,0,0,0,0,0,0,0,0,0,4778,2,43.326472,-96.294752,G PANAND4 15A PULLING ON SINGLE MAIN TRACK DERAILED 2 LOCOMOTIVES AND 11 RAILCARS DUE TO WASHOUT/RAIN/SLIDE/FLOOD/SNOW/ICE DAMAGE TO TRACK. NO HAZMAT RELEASE.,Main,4,1,1,1,BNSFTC0624118202406,BNSFTC0624118202406,,Class 1,SMT-5 - BNSF,BNSF,BNSF Railway Company,BNSF Railway Company,,,,,,,,Class 1,SMT-5 - BNSF,BNSF,BNSF Railway Company,BNSF Railway Company,POINT (-96.294752 43.326472),3,POINT (-96.294752 43.32647200000003),2024-06-21,,
UP,Union Pacific Railroad Company,2020,0520HO020,https://safetydata.fra.dot.gov/Officeofsafety/Publicsite/FORM54/F54Report.aspx?RepType=SQL&txtf54key=UP0520HO02020200525,20,5,,,,,,ZADG,"THE ANDERSONS GRAIN, INC",INDUSTRY,20,5,,25,05/25/2020,9:17 PM,1,Derailment,0,0,0,0,CLINTON IND LD,,,GALENA PARK,4.4,48,TX,TEXAS,201,HARRIS,5,78,4,Dark,2,Cloudy,4,Industry,YARD 766,1,,2.0,South,1,Freight Train,Yes,GHPH,8,Estimated,8,1000,2,Not Signaled,,Other Than Main Track,K,Restricted Speed or Equivalent,,,,,0.0,Not a remotely controlled operation,BNSF,473571.0,125,No,,,0,,0.0,0.0,No,2,0,0,0,0,0,0,0,0,0,17,0,125,0,0,0,0,14,0,0,24030,496,24526,M101,"Snow, ice, mud, gravel, coal, sand, etc. on track",,,M101,"Snow, ice, mud, gravel, coal, sand, etc. on track",1.0,0.0,0.0,1.0,5.0,18.0,,,0,0,0,0,0,0,0,0,0,0,0,0,OTH,000-000-000,29.723339,-95.241234,"GHPHP2-25 CREW WAS SHOVING INTO TRACK 2 ON THE LOW SIDE OF THE GRAIN FACILITY AT GALENA PARK.  CREWHAD A HOLD OF 108 EMPTY GRAIN CARS AND 17 LOADED GRAIN CARS ON THE REAR.  THEIR INSTRUCTIONS WERE TODOUBLE THE EMPTY GRAIN TRAIN OUT, AND TO SPOT THE 17 LOADED CARS WHILE HANGING ONTO THE EMPTY GRAINTRAIN.  WHILE MAKING THE SHOVE INTO THE LOW SIDE GRAIN FACILITY TRACK WITH THE 17 LOADS, THE FOOTBOARD YARDMASTER (FBY) NOTICED THE FIRST EMPTY GRAIN CAR BEGIN TO WOBBLE AND THEN TURN OVER, SUBSEQUENTLY CAUSING THE NEXT 15 CARS AHEAD TO TURN OVER IN THE CURVE OF THE FACILITY.  FIFTEEN CARS TURNED OVER WITH MINOR DAMAGE AND ONE ADDITIONAL CAR WAS LEANING.  INVESTIGATION REVEALED EXCESSIVE AMOUNTSOF MUD BUILDUP AT THE CROSSING WHERE THE GRAIN TRUCKS CROSS THE TRACKS, WHICH CAUSED THE FIRST EMPTYGRAIN CAR TO LIFT UP AND SLIDE OFF THE TRACK, TURNING OVER IN THE CURVE AS THE 17 LOADS WERE HANGING DOWN INOT THE LOW SIDE TRACK, A HEAVY DESCENT DOWNHILL GRADE.  THE 17 LOADS AT THE END OF THE TRAIN APPEARED TO HAVE AIDED IN PULLING THE FIRST EMPTY OFF THE TRACK WHILE IT WAS IN THE CURVE AND TRAVERSING OVER THE HEAVY MUD AREA.  INDUSTRY MAINTAINS TRACK",Industry,1,CL,CL,1,ZADGINDUSTRY202005,UP0520HO020202005,,Class 1,SMT-6 - UP/KCS,UP,Union Pacific Railroad Company,Union Pacific Railroad Company,,,,,,,Shippers,,,ZADG,"THE ANDERSONS GRAIN, INC",Not Assigned,POINT (-95.241234 29.723339),3,POINT (-95.241234 29.723338999999985),2020-05-25,,
MNCW,Metro North Commuter Railroad Company,2014,2014050104,https://safetydata.fra.dot.gov/Officeofsafety/Publicsite/FORM54/F54Report.aspx?RepType=SQL&txtf54key=MNCW201405010420140501,14,5,,,,,,MNCW,Metro North Commuter Railroad Company,2014050104,14,5,,1,05/01/2014,1:21 AM,9,Obstruction,0,0,0,0,NEW HAVEN LINE,,,NORWALK,42.8,9,CT,CONNECTICUT,1,FAIRFIELD,1,65,4,Dark,3,Rain,1,Main,TRACK 4,4,11.0,3.0,East,D,EMU,Yes,1598,38,Estimated,38,0,1,Signaled,,Signal Indication,A,Auto Cab Signals,B,Auto Train Control,Q,Traffic Control System/CTC,0.0,Not a remotely controlled operation,MNCW,8738.0,1,Yes,,,0,,,,Yes,0,0,0,0,0,0,0,0,0,0,0,6,0,2,0,0,0,0,0,0,97369,0,97369,M404,"Object or equipment on or fouling track - other than above (for  vandalism, see code M503)",,,M404,"Object or equipment on or fouling track - other than above (for  vandalism, see code M503)",1.0,0.0,1.0,0.0,9.0,45.0,9.0,45.0,0,0,0,0,0,0,0,0,0,0,0,0,CWR,,41.10845,-73.393785,"DUE TO A ROCK SLIDE FROM HEAVY RAIN, A LARGE BOULDER SLID INTO THE FOUL NEXT TO TRACK 4. TRAVELING EAST, TRAIN 1598 ROUNDED A CURVE AND STRUCK THE BOULDER, DAMAGING THE ENGINEER'S LADDER AND THIRD RAIL EQUIPMENT.",Main,4,3,3,1,MNCW2014050104201405,MNCW2014050104201405,Passenger (Formerly Commuter),Class 3,"SMT-1 - Amtrak, Commuter East",MNCW,Metro North Commuter Railroad Company,Not Assigned,,,,,,,Passenger (Formerly Commuter),Class 3,"SMT-1 - Amtrak, Commuter East",MNCW,Metro North Commuter Railroad Company,Not Assigned,POINT (-73.393785 41.10845),3,POINT (-73.393785 41.10844999999998),2014-05-01,,
CSX,CSX Transportation,2015,000152771,https://safetydata.fra.dot.gov/Officeofsafety/Publicsite/FORM54/F54Report.aspx?RepType=SQL&txtf54key=CSX00015277120151004,15,10,,,,,,CSX,CSX Transportation,000152771,15,10,,4,10/04/2015,2:38 AM,1,Derailment,104,0,0,0,JAMES RIVER,,,LYNCHBURG,0147.6,51,VA,VIRGINIA,680,LYNCHBURG,2,56,4,Dark,3,Rain,1,Main,SINGLE MAIN,2,288.3,4.0,West,1,Freight Train,Yes,K125,20,Recorded,20,5083,1,Signaled,,Signal Indication,,,,,,,0.0,Not a remotely controlled operation,CSXT,652.0,1,No,,,0,,,,No,2,0,0,0,0,1,0,0,0,0,2,0,104,0,0,0,0,0,0,0,40421,675,41096,M101,"Snow, ice, mud, gravel, coal, sand, etc. on track",,,M101,"Snow, ice, mud, gravel, coal, sand, etc. on track",1.0,0.0,1.0,0.0,6.0,53.0,6.0,53.0,0,0,0,0,0,0,0,0,0,0,0,0,CWR,104-000-00,37.430375,-79.148062,K12504 ENCOUNTERED AND STRUCK A ROCK SLIDE DERAILING LEAD LOCOMOTIVE.,Main,2,1,1,1,CSX000152771201510,CSX000152771201510,,Class 1,SMT-9 - CSX,CSX,CSX Transportation,CSX Transportation,,,,,,,,Class 1,SMT-9 - CSX,CSX,CSX Transportation,CSX Transportation,POINT (-79.148062 37.430375),3,POINT (-79.148062 37.430374999999955),2015-10-04,,
UP,Union Pacific Railroad Company,2013,0113SL005,https://safetydata.fra.dot.gov/Officeofsafety/Publicsite/FORM54/F54Report.aspx?RepType=SQL&txtf54key=UP0113SL00520130114,13,1,,,,,,UP,Union Pacific Railroad Company,0113SL005,13,1,,14,01/14/2013,7:05 PM,1,Derailment,0,0,0,0,DESOTO SUB,,,WILLIAMSVILLE,148.85,29,MO,MISSOURI,223,WAYNE,6,20,4,Dark,1,Clear,1,Main,SINGLE MAIN,5,2.6,1.0,North,1,Freight Train,Yes,LSV5,40,Recorded,40,1400,1,Signaled,,Signal Indication,Q,Traffic Control System/CTC,,,,,0.0,Not a remotely controlled operation,UP,1945.0,3,,,,0,,,,No,3,0,0,0,0,1,0,0,0,0,0,0,42,0,0,0,0,4,0,0,8358,332250,340608,T002,Washout/rain/slide/flood/snow/ice damage to track,,,T002,Washout/rain/slide/flood/snow/ice damage to track,1.0,0.0,1.0,1.0,6.0,5.0,6.0,4.0,0,1,0,0,0,0,0,1,0,1,0,1,OTH,,36.935943,-90.517556,THE LSV52-14 WAS TRAVELING NORTH WITH 42 EMPTIES AND 3 LOCOMOTIVES AT A RECORDED 40 MPH WHEN THEY DERAILED 1 LOCOMOTIVE AND 4 CARS.  CAUSE WAS DETERMINED TO BE CAUSED BY A SLIDE IN THE EMBANKMENT.  ENGINEER LATE REPORTED A SHOULDER INJURY.,Main,5,CL,CL,1,UP0113SL005201301,UP0113SL005201301,,Class 1,SMT-6 - UP/KCS,UP,Union Pacific Railroad Company,Union Pacific Railroad Company,,,,,,,,Class 1,SMT-6 - UP/KCS,UP,Union Pacific Railroad Company,Union Pacific Railroad Company,POINT (-90.517556 36.935943),3,POINT (-90.517556 36.93594300000003),2013-01-14,,
ATK,Amtrak (National Railroad Passenger Corporation),2015,139478,https://safetydata.fra.dot.gov/Officeofsafety/Publicsite/FORM54/F54Report.aspx?RepType=SQL&txtf54key=ATK13947820151005,15,10,,,,,,NECR,New England Central Railroad,NEC81625D,15,10,,5,10/05/2015,10:04 AM,1,Derailment,0,0,0,0,ROXBURY,,,NORTHFIELD,0065.2,50,VT,VERMONT,23,WASHINGTON,1,45,2,Day,1,Clear,1,Main,MAIN,3,,2.0,South,2,Passenger Train - Pulling,Yes,55,59,Recorded,59,0,2,Not Signaled,,Direct Train Control,P,Track Warrant Control,,,,,0.0,Not a remotely controlled operation,AMT,102.0,1,,,,0,,,,Yes,1,0,0,0,0,1,0,0,0,0,0,5,0,0,0,0,4,0,0,0,4148125,0,4329857,M101,"Snow, ice, mud, gravel, coal, sand, etc. on track",,,M101,"Snow, ice, mud, gravel, coal, sand, etc. on track",1.0,0.0,1.0,1.0,1.0,51.0,1.0,51.0,0,4,0,9,0,0,0,13,0,13,0,13,CWR,,44.112841,-72.676234,"TRAIN 55 OPERATING WITH LOCOMOTIVE E/102 AND 5 CARS DERAILED THE LOCOMOTIVE E/102 AND 4 COACH CARS AT MP 64.9, NORTHFIELD, VT.  THE CAUSE OF THE DERAILMENT WAS TRAIN 55 STRUCK A ROCK SLIDE ON THE TRACKS.  AMTRAKS EQUIPMENT DAMAGE IS $4,148,125.00.",Main,3,6,6,2,NECRNEC81625D201510,ATK139478201510,Passenger (Formerly Commuter),,"SMT-1 - Amtrak, Commuter East",ATK,Amtrak (National Railroad Passenger Corporation),Amtrak,,,,,,,Shortline,Class 3,SMT-2 - Short Line East,NECR,New England Central Railroad,Genesee & Wyoming,POINT (-72.676234 44.112841),3,POINT (-72.67623400000001 44.112841),2015-10-05,,
BNSF,BNSF Railway Company,2012,NW1212109,https://safetydata.fra.dot.gov/Officeofsafety/Publicsite/FORM54/F54Report.aspx?RepType=SQL&txtf54key=BNSFNW121210920121217,12,12,,,,,,BNSF,BNSF Railway Company,NW1212109,12,12,,17,12/17/2012,1:40 PM,1,Derailment,4,1,1,0,SCENIC,,,EVERETT,32.0,53,WA,WASHINGTON,61,SNOHOMISH,8,40,2,Day,3,Rain,1,Main,MAIN 2 TRACK,2,35.42,4.0,West,1,Freight Train,Yes,ZCHC,17,Estimated,17,4932,1,Signaled,,Signal Indication,Q,Traffic Control System/CTC,,,,,0.0,Not a remotely controlled operation,BNSF,211530.0,15,Yes,,,0,,,,No,4,0,0,0,0,0,0,0,0,0,33,0,0,0,0,3,0,0,0,0,254249,545713,799962,M101,"Snow, ice, mud, gravel, coal, sand, etc. on track",,,M101,"Snow, ice, mud, gravel, coal, sand, etc. on track",1.0,0.0,1.0,0.0,6.0,10.0,6.0,10.0,0,0,0,0,0,0,0,0,0,0,0,0,CWR,,47.9674,-122.2371,Z-CHCSSE6-15 DERAILED WHEN STRUCK BY MUD SLIDE.  TRAIN HAS HANDLING ALL ARTICULATED EQUIPMENT.  RELEASE OF JBHU27/188 STCC 4936561 UNVN1903 DIV 8 PKGRP II.  4 LIQUID PINTS FROM A NON-BULK PACKAGE WITHIN INTERMODAL CONTAINER THAT WAS ATOP INTERMODAL FLAT CAR DTTX786993.,Main,2,1,1,1,BNSFNW1212109201212,BNSFNW1212109201212,,Class 1,SMT-5 - BNSF,BNSF,BNSF Railway Company,BNSF Railway Company,,,,,,,,Class 1,SMT-5 - BNSF,BNSF,BNSF Railway Company,BNSF Railway Company,POINT (-122.2371 47.9674),3,POINT (-122.23709999999998 47.96740000000003),2012-12-17,,
UP,Union Pacific Railroad Company,2019,0319PN012,https://safetydata.fra.dot.gov/Officeofsafety/Publicsite/FORM54/F54Report.aspx?RepType=SQL&txtf54key=UP0319PN01220190314,19,3,,,,,,UP,Union Pacific Railroad Company,0319PN012,19,3,,14,03/14/2019,7:53 PM,1,Derailment,55,6,0,0,AYER SUB,,,RITZVILLE,292.0,53,WA,WASHINGTON,1,ADAMS,8,38,3,Dusk,2,Cloudy,1,Main,SINGLE MAIN TRACK,4,26.9,4.0,West,1,Freight Train,Yes,METH,45,Estimated,45,4143,1,Signaled,,Signal Indication,,,,,,,0.0,Not a remotely controlled operation,PROX,74520.0,65,Yes,,,0,,,0.0,No,2,0,0,0,1,0,0,0,0,0,116,0,7,0,0,23,0,0,0,0,1242045,239956,1482001,M101,"Snow, ice, mud, gravel, coal, sand, etc. on track",,,M101,"Snow, ice, mud, gravel, coal, sand, etc. on track",1.0,0.0,1.0,0.0,6.0,38.0,6.0,38.0,0,0,0,0,0,0,0,0,0,0,0,0,CWR,000-000-000,46.838404,-118.138695,"METHKB-13, LEAD LOCOMOTIVE CP9720, DERAILED TWENTY-THREE CARS DUE TO A ROCK SLIDE.",Main,4,CL,CL,1,UP0319PN012201903,UP0319PN012201903,,Class 1,SMT-6 - UP/KCS,UP,Union Pacific Railroad Company,Union Pacific Railroad Company,,,,,,,,Class 1,SMT-6 - UP/KCS,UP,Union Pacific Railroad Company,Union Pacific Railroad Company,POINT (-118.138695 46.838404),3,POINT (-118.13869500000001 46.83840399999998),2019-03-14,,
NECR,New England Central Railroad,2015,NEC81625D,https://safetydata.fra.dot.gov/Officeofsafety/Publicsite/FORM54/F54Report.aspx?RepType=SQL&txtf54key=NECRNEC81625D20151005,15,10,ATK,Amtrak (National Railroad Passenger Corporation),139478,15.0,10.0,NECR,New England Central Railroad,NEC81625D,15,10,,5,10/05/2015,10:04 AM,1,Derailment,0,0,0,0,ROXBURY,,,NORTHFIELD,65.2,50,VT,VERMONT,23,WASHINGTON,1,45,2,Day,1,Clear,1,Main,MAIN,3,,2.0,South,,,,,0,,59,0,2,Not Signaled,,Direct Train Control,P,Track Warrant Control,,,,,,,,,0,,,,0,,,,,0,0,0,0,0,0,0,0,0,0,0,0,0,0,0,0,0,0,0,0,0,181732,4329857,M101,"Snow, ice, mud, gravel, coal, sand, etc. on track",,,M101,"Snow, ice, mud, gravel, coal, sand, etc. on track",,,,,,,,,0,0,0,0,0,0,0,0,0,13,0,0,CWR,,44.112841,-72.676234,AMTRAK TRAIN 55 OPERATING WITH LOCOMOTIVE E/102 AND 5 CARS DERAILED THE LOCOMOTIVE E/102 AND 4 COACHCARS AT MP 65.2 NORTHFIELD VT AFTER MAKING CONTACT WITH A LARGE ROCK THAT SLIDE ONTO THE TRACKS.,Main,3,3,3,1,NECRNEC81625D201510,NECRNEC81625D201510,Shortline,Class 3,SMT-2 - Short Line East,NECR,New England Central Railroad,Genesee & Wyoming,Passenger (Formerly Commuter),,"SMT-1 - Amtrak, Commuter East",ATK,Amtrak (National Railroad Passenger Corporation),Amtrak,Shortline,Class 3,SMT-2 - Short Line East,NECR,New England Central Railroad,Genesee & Wyoming,POINT (-72.676234 44.112841),3,POINT (-72.67623400000001 44.112841),2015-10-05,,
BNSF,BNSF Railway Company,2020,CH0420108,https://safetydata.fra.dot.gov/Officeofsafety/Publicsite/FORM54/F54Report.aspx?RepType=SQL&txtf54key=BNSFCH042010820200420,20,4,,,,,,BNSF,BNSF Railway Company,CH0420108,20,4,,20,04/20/2020,10:40 AM,9,Obstruction,0,0,0,0,AURORA,,,POTOSI,193.0,55,WI,WISCONSIN,43,GRANT,4,56,2,Day,1,Clear,1,Main,MAIN 1 TRACK,4,36.54,4.0,West,1,Freight Train,Yes,HGAL,46,Recorded,46,7891,1,Signaled,,Signal Indication,Q,Traffic Control System/CTC,,,,,0.0,Not a remotely controlled operation,BNSF,3978.0,1,,,,0,,,,No,2,0,0,0,1,1,0,0,0,0,24,0,116,0,0,0,0,10,0,0,744992,175000,919992,M404,"Object or equipment on or fouling track - other than above (for  vandalism, see code M503)",,,M404,"Object or equipment on or fouling track - other than above (for  vandalism, see code M503)",1.0,0.0,1.0,0.0,6.0,40.0,6.0,40.0,0,0,0,0,0,0,0,0,0,0,0,0,CWR,000-000-000,42.594579,-90.663611,H-GALNTW3-20 DERAILED 1 LOCOMOTIVE AND 10 RAILCARS WHILE TRAVERSING MAIN 1 TRACK DUE TO AN OBSTRUCTION ON THE TRACK.  A ROCK SLIDE CAUSED A LARGE BOULDER TO OBSTRUCT THE TRACK.  NO HAZARDOUS MATERIALSWERE RELEASED.,Main,4,1,1,1,BNSFCH0420108202004,BNSFCH0420108202004,,Class 1,SMT-5 - BNSF,BNSF,BNSF Railway Company,BNSF Railway Company,,,,,,,,Class 1,SMT-5 - BNSF,BNSF,BNSF Railway Company,BNSF Railway Company,POINT (-90.663611 42.594579),3,POINT (-90.663611 42.59457900000002),2020-04-20,,
UP,Union Pacific Railroad Company,2012,0312PD012,https://safetydata.fra.dot.gov/Officeofsafety/Publicsite/FORM54/F54Report.aspx?RepType=SQL&txtf54key=UP0312PD01220120321,12,3,ATK,Amtrak (National Railroad Passenger Corporation),123268,12.0,3.0,UP,Union Pacific Railroad Company,0312PD012,12,3,,21,03/21/2012,11:41 AM,9,Obstruction,0,0,0,0,CASCADE SUB,,,OAKRIDGE,571.5,41,OR,OREGON,39,LANE,8,40,2,Day,3,Rain,1,Main,NO 1 MAIN,3,18.5,3.0,East,,,,,0,,31,0,1,Signaled,,Signal Indication,,,,,,,,,,,0,,,,0,,,,,0,0,0,0,0,0,0,0,0,0,0,0,0,0,0,0,0,0,0,0,0,0,21902,M101,"Snow, ice, mud, gravel, coal, sand, etc. on track",,,M101,"Snow, ice, mud, gravel, coal, sand, etc. on track",0.0,0.0,0.0,0.0,,,,,0,0,0,0,0,0,0,0,0,0,0,0,CWR,,43.716856,-122.321534,"AMTRAK'S AMT14-20 DERAILED THE A END OF A CAR AND THE SET OF TRUCKS DUE TO A MUDSLIDE.  NO TRACK DAMAGE REPORTED.  AMTRAK'S EST EQUIP DAMAGE: $21,902.",Main,3,CL,CL,2,UP0312PD012201203,UP0312PD012201203,,Class 1,SMT-6 - UP/KCS,UP,Union Pacific Railroad Company,Union Pacific Railroad Company,Passenger (Formerly Commuter),,"SMT-1 - Amtrak, Commuter East",ATK,Amtrak (National Railroad Passenger Corporation),Amtrak,,Class 1,SMT-6 - UP/KCS,UP,Union Pacific Railroad Company,Union Pacific Railroad Company,POINT (-122.321534 43.716856),3,POINT (-122.32153400000001 43.71685600000002),2012-03-21,,
UP,Union Pacific Railroad Company,2017,0817UT007,https://safetydata.fra.dot.gov/Officeofsafety/Publicsite/FORM54/F54Report.aspx?RepType=SQL&txtf54key=UP0817UT00720170803,17,8,,,,,,UP,Union Pacific Railroad Company,0817UT007,17,8,,3,08/03/2017,12:15 PM,1,Derailment,0,0,0,0,CIMA SUB,,,LUDLOW,195.15,6,CA,CALIFORNIA,71,SAN BERNARDINO,7,100,2,Day,2,Cloudy,1,Main,SINGLE MAIN TRACK,3,33.9,4.0,West,1,Freight Train,Yes,CEYL,24,Estimated,24,12001,1,Signaled,,Signal Indication,Q,Traffic Control System/CTC,,,,,0.0,Not a remotely controlled operation,UP,5445.0,1,,,,0,,,,No,2,0,0,0,1,2,0,0,0,0,84,0,0,0,0,8,0,0,0,0,937405,95620,1033025,M101,"Snow, ice, mud, gravel, coal, sand, etc. on track",,,M101,"Snow, ice, mud, gravel, coal, sand, etc. on track",1.0,0.0,1.0,0.0,8.0,40.0,8.0,40.0,0,1,0,0,0,0,0,1,0,1,0,1,CWR,000-000-000,35.036162,-116.323618,"THE WESTBOUND CEYLB-31 WITH LEAD UNIT UP5445 ENCOUNTERED A MUD SLIDE ON THE MAIN TRACK AT MILEPOST 195.15, CAUSING THE LEAD TWO LOCOMOTIVES AND SUBSEQUENT EIGHT CARS TO DERAIL.  THE CONDUCTOR REPORTSHE WAS INJURED AS A RESULT OF THE DERAILMENT.",Main,3,CL,CL,1,UP0817UT007201708,UP0817UT007201708,,Class 1,SMT-6 - UP/KCS,UP,Union Pacific Railroad Company,Union Pacific Railroad Company,,,,,,,,Class 1,SMT-6 - UP/KCS,UP,Union Pacific Railroad Company,Union Pacific Railroad Company,POINT (-116.323618 35.036162),3,POINT (-116.323618 35.03616199999996),2017-08-03,,
CSX,CSX Transportation,2018,000175828,https://safetydata.fra.dot.gov/Officeofsafety/Publicsite/FORM54/F54Report.aspx?RepType=SQL&txtf54key=CSX00017582820180416,18,4,,,,,,CSX,CSX Transportation,000175828,18,4,,16,04/16/2018,9:30 AM,1,Derailment,0,0,0,0,NEW RIVER,,,PRINCE,0383.0,54,WV,WEST VIRGINIA,19,FAYETTE,2,52,2,Day,3,Rain,1,Main,SINGLE MAIN TRACK,3,46.3,4.0,West,1,Freight Train,Yes,U161,31,Estimated,31,2370,1,Signaled,,Signal Indication,,,,,,,0.0,Not a remotely controlled operation,CSXT,597.0,1,No,,,0,,,,No,2,0,0,0,0,1,0,0,0,0,0,0,97,0,0,0,0,10,0,0,216032,2040,218072,M199,Other extreme environmental conditions (Provide detailed description in narrative),,,M199,Other extreme environmental conditions (Provide detailed description in narrative),1.0,0.0,1.0,0.0,8.0,,8.0,,0,1,0,0,0,0,0,1,0,1,0,1,CWR,000-000-000,37.888356,-81.064108,"U16114 ENCOUNTERED A ROCK SLIDE AND DERAILED 10 CARS AND LOCOMOTIVE CSXT 597  ON THE NEW RIVER SUBDIVISION,  AND NO RELEASE WAS REPORTED.",Main,3,1,1,1,CSX000175828201804,CSX000175828201804,,Class 1,SMT-9 - CSX,CSX,CSX Transportation,CSX Transportation,,,,,,,,Class 1,SMT-9 - CSX,CSX,CSX Transportation,CSX Transportation,POINT (-81.064108 37.888356),3,POINT (-81.064108 37.88835600000001),2018-04-16,,
ATK,Amtrak (National Railroad Passenger Corporation),2012,123268,https://safetydata.fra.dot.gov/Officeofsafety/Publicsite/FORM54/F54Report.aspx?RepType=SQL&txtf54key=ATK12326820120321,12,3,,,,,,UP,Union Pacific Railroad Company,0312PD012,12,3,,21,03/21/2012,11:41 AM,9,Obstruction,0,0,0,0,CASCADE,,,OAKRIDGE,0571.5,41,OR,OREGON,39,LANE,8,34,2,Day,3,Rain,1,Main,MAIN,3,,1.0,North,2,Passenger Train - Pulling,Yes,14,31,Recorded,31,0,1,Signaled,,Signal Indication,,,,,,,0.0,Not a remotely controlled operation,AMT,167.0,1,,,,0,,,,Yes,2,0,0,0,0,0,0,0,0,0,0,11,0,0,0,0,1,0,0,0,21902,0,21902,M101,"Snow, ice, mud, gravel, coal, sand, etc. on track",M199,Other extreme environmental conditions (Provide detailed description in narrative),M101,"Snow, ice, mud, gravel, coal, sand, etc. on track",2.0,0.0,2.0,0.0,4.0,30.0,4.0,30.0,0,0,0,0,0,0,0,0,0,0,0,0,CWR,,43.716856,-122.321534,TRAIN 14 OPERATING WITH LOCOMOTIVES E/167-E/41 AND 11 CARS STRUCK A FALLEN TREE AT MP571.5 AND A LANDSLIDE CAME DOWN CAUSING ADDITIONAL TREES TO FALL ON TOP OF BAGGAGE CAR C/1164 AND DERAILING THE LEAD TRUCK ON THE BAGGAGE CAR C/1164.,Main,3,6,6,1,UP0312PD012201203,ATK123268201203,Passenger (Formerly Commuter),,"SMT-1 - Amtrak, Commuter East",ATK,Amtrak (National Railroad Passenger Corporation),Amtrak,,,,,,,,Class 1,SMT-6 - UP/KCS,UP,Union Pacific Railroad Company,Union Pacific Railroad Company,POINT (-122.321534 43.716856),3,POINT (-122.32153400000001 43.71685600000002),2012-03-21,,
BNSF,BNSF Railway Company,2019,CH0719101,https://safetydata.fra.dot.gov/Officeofsafety/Publicsite/FORM54/F54Report.aspx?RepType=SQL&txtf54key=BNSFCH071910120190701,19,7,,,,,,BNSF,BNSF Railway Company,CH0719101,19,7,,1,07/01/2019,9:17 AM,9,Obstruction,0,0,0,0,AURORA,,,GLEN HAVEN,222.2,55,WI,WISCONSIN,43,GRANT,4,79,2,Day,1,Clear,1,Main,MAIN 1 TRACK,4,36.65,3.0,East,1,Freight Train,Yes,QPTL,37,Recorded,37,5368,1,Signaled,,Signal Indication,Q,Traffic Control System/CTC,,,,,0.0,Not a remotely controlled operation,BNSF,8455.0,1,,,,0,,,,No,3,0,0,0,0,3,0,0,0,0,34,0,12,0,0,2,0,7,0,0,805038,204000,1009038,M101,"Snow, ice, mud, gravel, coal, sand, etc. on track",,,M101,"Snow, ice, mud, gravel, coal, sand, etc. on track",1.0,0.0,1.0,0.0,5.0,17.0,5.0,17.0,0,0,0,0,0,0,0,0,0,0,0,0,CWR,000-000-000,42.820839,-91.076659,Q-PTLCHC1-27 DERAILED 3 LOCOMOTIVES AND 9 RAILCARS WHILE TRAVERSING MAIN 1 TRACK DUE TO STRIKING A MUDSLIDE THAT HAD BLOCKED THE TRACK. ONE GALLON OF DIESEL FUEL WAS RELEASED FROM THE LEAD LOCOMOTIVE.,Main,4,1,1,1,BNSFCH0719101201907,BNSFCH0719101201907,,Class 1,SMT-5 - BNSF,BNSF,BNSF Railway Company,BNSF Railway Company,,,,,,,,Class 1,SMT-5 - BNSF,BNSF,BNSF Railway Company,BNSF Railway Company,POINT (-91.076659 42.820839),3,POINT (-91.076659 42.82083899999998),2019-07-01,,
CSX,CSX Transportation,2013,000112863,https://safetydata.fra.dot.gov/Officeofsafety/Publicsite/FORM54/F54Report.aspx?RepType=SQL&txtf54key=CSX00011286320130209,13,2,,,,,,CSX,CSX Transportation,000112863,13,2,,9,02/09/2013,4:16 PM,1,Derailment,0,0,0,3,SHORT LINE,,,CLARKSBURG,0055.9,54,WV,WEST VIRGINIA,33,HARRISON,2,50,2,Day,1,Clear,1,Main,SINGLE MAIN,2,7.6,3.0,East,1,Freight Train,Yes,U878,23,Recorded,23,11755,2,Not Signaled,,Direct Train Control,P,Track Warrant Control,,,,,0.0,Not a remotely controlled operation,CSXT,4542.0,1,No,,,0,,,,No,1,0,0,0,0,1,0,0,0,0,80,0,0,0,0,7,0,0,0,0,510900,15000,525900,M404,"Object or equipment on or fouling track - other than above (for  vandalism, see code M503)",,,M404,"Object or equipment on or fouling track - other than above (for  vandalism, see code M503)",1.0,0.0,1.0,0.0,3.0,46.0,3.0,46.0,0,0,0,0,0,0,0,0,0,0,0,0,CWR,,39.312534,-80.348467,U87808 STRUCK A ROCKSLIDE AT BNA 56.1 DERAILING ENGINE AND SEVEN CARS.,Main,2,1,1,1,CSX000112863201302,CSX000112863201302,,Class 1,SMT-9 - CSX,CSX,CSX Transportation,CSX Transportation,,,,,,,,Class 1,SMT-9 - CSX,CSX,CSX Transportation,CSX Transportation,POINT (-80.348467 39.312534),3,POINT (-80.348467 39.312534000000014),2013-02-09,,
CSX,CSX Transportation,2015,000143104,https://safetydata.fra.dot.gov/Officeofsafety/Publicsite/FORM54/F54Report.aspx?RepType=SQL&txtf54key=CSX00014310420150313,15,3,,,,,,CSX,CSX Transportation,000143104,15,3,,13,03/13/2015,4:04 PM,1,Derailment,0,0,0,0,CUMBERLAND,,,CHERRY RUN,0003.2,54,WV,WEST VIRGINIA,3,BERKELEY,2,51,2,Day,2,Cloudy,1,Main,#4 MAIN,3,32.0,3.0,East,1,Freight Train,Yes,U827,39,Recorded,39,18611,1,Signaled,,Signal Indication,D,Automatic Block Signals System,,,,,0.0,Not a remotely controlled operation,CSXT,920.0,1,No,,,0,,,,No,2,0,0,0,0,1,0,0,0,0,130,0,0,0,0,0,0,0,0,0,24547,0,24547,M101,"Snow, ice, mud, gravel, coal, sand, etc. on track",,,M101,"Snow, ice, mud, gravel, coal, sand, etc. on track",1.0,0.0,1.0,0.0,2.0,59.0,2.0,59.0,0,0,0,0,0,0,0,0,0,0,0,0,CWR,000-000-00,39.600758,-78.005186,"U82710 WAS TRAVELLING ON #4 TRACK WHEN THEY ROUNDED A LEFT HAND CURVE AND SAW A ROCK SLIDE OF LOOSESHALE ON THE TRACK. THE ENGINEER NOTCHED OFF IMMEDIATELY AND THEY STRUCK THE PILE. AFTER STRIKING THE SLIDE, THE ENGINEER REALIZED THAT THE LOCOMOTIVE HAD DERAILED SO HE INITIATED AN EMERGENCY APPLICATION OF THE TRAIN BRAKES.",Main,3,1,1,1,CSX000143104201503,CSX000143104201503,,Class 1,SMT-9 - CSX,CSX,CSX Transportation,CSX Transportation,,,,,,,,Class 1,SMT-9 - CSX,CSX,CSX Transportation,CSX Transportation,POINT (-78.005186 39.600758),3,POINT (-78.005186 39.60075799999998),2015-03-13,,
CSX,CSX Transportation,2020,000189993,https://safetydata.fra.dot.gov/Officeofsafety/Publicsite/FORM54/F54Report.aspx?RepType=SQL&txtf54key=CSX00018999320200430,20,4,,,,,,CSX,CSX Transportation,000189993,20,4,,30,04/30/2020,3:51 PM,9,Obstruction,0,0,0,0,COAL RIVER,,,DANVILLE,0041.8,54,WV,WEST VIRGINIA,5,BOONE,2,62,2,Day,3,Rain,1,Main,SINGLE MAIN,2,1.0,3.0,East,1,Freight Train,Yes,H840,18,Estimated,18,2755,2,Not Signaled,,Direct Train Control,N,Time Table/Train Orders,,,,,0.0,Not a remotely controlled operation,CSXT,3129.0,1,No,,,0,,,,No,2,0,0,0,0,0,0,0,0,0,0,0,112,0,0,0,0,0,0,0,32722,0,32722,M404,"Object or equipment on or fouling track - other than above (for  vandalism, see code M503)",,,M404,"Object or equipment on or fouling track - other than above (for  vandalism, see code M503)",1.0,0.0,1.0,0.0,1.0,51.0,1.0,51.0,0,0,0,0,0,0,0,0,0,0,0,0,OTH,000-000-000,38.015263,-81.827944,H84030 CAME AROUND THE CURVE AT MP CLF 41.8 THEY ENCOUNTERED A MUD SLIDE THAT CAME OFF THE HILL SIDEWHICH INCLUDED SEVERAL LARGE TREES ACROSS THE TRACKS.,Main,2,1,1,1,CSX000189993202004,CSX000189993202004,,Class 1,SMT-9 - CSX,CSX,CSX Transportation,CSX Transportation,,,,,,,,Class 1,SMT-9 - CSX,CSX,CSX Transportation,CSX Transportation,POINT (-81.827944 38.015263),3,POINT (-81.827944 38.015263000000004),2020-04-30,,
BNSF,BNSF Railway Company,2013,NW0413103,https://safetydata.fra.dot.gov/Officeofsafety/Publicsite/FORM54/F54Report.aspx?RepType=SQL&txtf54key=BNSFNW041310320130407,13,4,ATK,Amtrak (National Railroad Passenger Corporation),127824,13.0,4.0,BNSF,BNSF Railway Company,NW0413103,13,4,,7,04/07/2013,8:50 AM,1,Derailment,0,0,0,0,SCENIC,,,EVERETT,31.8,53,WA,WASHINGTON,61,SNOHOMISH,8,44,1,Dawn,3,Rain,1,Main,MAIN 2 TRACK,4,32.16,,,,,,,0,,31,0,1,Signaled,,Signal Indication,Q,Traffic Control System/CTC,,,,,,,,,0,,,,0,,,,,0,0,0,0,0,0,0,0,0,0,0,0,0,0,0,0,0,0,0,0,0,65000,134000,M101,"Snow, ice, mud, gravel, coal, sand, etc. on track",,,M101,"Snow, ice, mud, gravel, coal, sand, etc. on track",0.0,0.0,0.0,0.0,,,,,0,0,0,0,0,0,0,0,0,1,0,0,CWR,,47.964565,-122.239466,AMTRAK #7 (A-71-05) WAS STRUCK BY MUDSLIDE DERAILING 3 CARS.,Main,4,1,1,2,BNSFNW0413103201304,BNSFNW0413103201304,,Class 1,SMT-5 - BNSF,BNSF,BNSF Railway Company,BNSF Railway Company,Passenger (Formerly Commuter),,"SMT-1 - Amtrak, Commuter East",ATK,Amtrak (National Railroad Passenger Corporation),Amtrak,,Class 1,SMT-5 - BNSF,BNSF,BNSF Railway Company,BNSF Railway Company,POINT (-122.239466 47.964565),3,POINT (-122.23946600000001 47.964564999999936),2013-04-07,1.0,1.0
NS,Norfolk Southern Railway Company,2016,118842,https://safetydata.fra.dot.gov/Officeofsafety/Publicsite/FORM54/F54Report.aspx?RepType=SQL&txtf54key=NS11884220160108,16,1,,,,,,NS,Norfolk Southern Railway Company,118842,16,1,,8,01/08/2016,11:15 AM,1,Derailment,0,0,0,0,PITTSBURGH,,,MORGANTOWN,LR047.,54,WV,WEST VIRGINIA,61,MONONGALIA,2,34,2,Day,2,Cloudy,3,Siding,LOVERAGE SECONDARY,2,13.0,2.0,South,7,Yard/switching,Yes,N10C,20,Recorded,20,0,2,Not Signaled,,Other Than Main Track,L,Special Instructions,,,,,0.0,Not a remotely controlled operation,NS,1174.0,1,No,,,0,,,,No,2,0,0,0,0,2,0,0,0,0,0,0,130,0,0,0,0,0,0,0,10680,1500,12180,T002,Washout/rain/slide/flood/snow/ice damage to track,,,T002,Washout/rain/slide/flood/snow/ice damage to track,1.0,0.0,1.0,0.0,4.0,15.0,4.0,15.0,0,0,0,0,0,0,0,0,0,0,0,0,CWR,,39.598307,-79.966938,"N10CA08 PULLING SOUTH WITH 2 UNITS, 0 LOADS, 130 EMPTIES, AND 0 TONS ON LOVERIDGE SECONDARY MAIN #1STRUCK ROCKS FOULING THE MAIN FROM A ROCK SLIDE, DERAILING 2 UNITS, NS 1174 & NS 2704.",Siding,2,1,1,1,NS118842201601,NS118842201601,,Class 1,SMT-3 - Norfolk Southern,NS,Norfolk Southern Railway Company,Norfolk Southern Railway Company,,,,,,,,Class 1,SMT-3 - Norfolk Southern,NS,Norfolk Southern Railway Company,Norfolk Southern Railway Company,POINT (-79.966938 39.598307),3,POINT (-79.966938 39.59830699999995),2016-01-08,,
CP,Canadian Pacific Railway Company,2016,1000428537,https://safetydata.fra.dot.gov/Officeofsafety/Publicsite/FORM54/F54Report.aspx?RepType=SQL&txtf54key=CP100042853720160722,16,7,,,,,,CP,Canadian Pacific Railway Company,1000428537,16,7,,22,07/22/2016,11:49 AM,9,Obstruction,11,0,0,0,MARQUETTE,,,CLAYTON,89.5,19,IA,IOWA,43,CLAYTON,6,85,2,Day,3,Rain,1,Main,SINGLE MAIN TRACK,2,20.0,1.0,North,1,Freight Train,Yes,4752,25,Estimated,25,5727,2,Not Signaled,,Direct Train Control,P,Track Warrant Control,,,,,0.0,Not a remotely controlled operation,CP,8845.0,1,,,,0,,,,No,4,0,0,0,0,1,0,0,0,0,14,0,121,0,0,0,0,12,0,0,28507,227,28734,M101,"Snow, ice, mud, gravel, coal, sand, etc. on track",,,M101,"Snow, ice, mud, gravel, coal, sand, etc. on track",1.0,0.0,1.0,0.0,1.0,19.0,1.0,19.0,0,0,0,0,0,0,0,0,0,0,0,0,CWR,000-000-000,42.925545,-91.165638,475-22 TRAVELING NORTHBOUND ENCOUNTERED A ROCK SLIDE NORTH OF CLAYTON IA WHICH RESULTED IN DERAILMENT OF 1 LOCOMOTIVE AND 12 CARS. LOCOMOTIVE & ALL CARS WERE UPRIGHT.,Main,2,1,1,1,CP1000428537201607,CP1000428537201607,,Class 1,SMT-4 - CPKC/CP/CN/CCD,CPKC,CANADIAN PACIFIC KANSAS CITY,Not Assigned,,,,,,,,Class 1,SMT-4 - CPKC/CP/CN/CCD,CPKC,CANADIAN PACIFIC KANSAS CITY,Not Assigned,POINT (-91.165638 42.925545),3,POINT (-91.165638 42.925544999999964),2016-07-22,,
NS,Norfolk Southern Railway Company,2023,152334,https://safetydata.fra.dot.gov/Officeofsafety/Publicsite/FORM54/F54Report.aspx?RepType=SQL&txtf54key=NS15233420230217,23,2,,,,,,NS,Norfolk Southern Railway Company,152334,23,2,,17,02/17/2023,4:00 AM,13,Other (describe in narrative),0,0,0,0,KENOVA,,,RED JACKET,015.50,54,WV,WEST VIRGINIA,59,MINGO,2,35,1,Dawn,3,Rain,2,Yard,TRACK 01,1,,2.0,South,1,Freight Train,No,U01U,0,Estimated,0,0,2,Not Signaled,,Other Than Main Track,K,Restricted Speed or Equivalent,,,,,0.0,Not a remotely controlled operation,NDYX,964539.0,4,Yes,,,0,,,,No,2,0,0,0,0,0,0,0,0,0,103,0,0,0,0,5,0,0,0,0,183326,19589,202915,M199,Other extreme environmental conditions (Provide detailed description in narrative),,,M199,Other extreme environmental conditions (Provide detailed description in narrative),0.0,0.0,0.0,0.0,,,,,0,0,0,0,0,0,0,0,0,0,0,0,CWR,000-000-000,37.697986,-82.112477,MUDSLIDE STUCK SIDE OF STANDING TRAIN AND DERAILED 5 CARS.  NO NS CREW INVOLVED.,Yard,1,1,1,1,NS152334202302,NS152334202302,,Class 1,SMT-3 - Norfolk Southern,NS,Norfolk Southern Railway Company,Norfolk Southern Railway Company,,,,,,,,Class 1,SMT-3 - Norfolk Southern,NS,Norfolk Southern Railway Company,Norfolk Southern Railway Company,POINT (-82.112477 37.697986),3,POINT (-82.112477 37.69798599999999),2023-02-17,,
CSX,CSX Transportation,2019,000181268,https://safetydata.fra.dot.gov/Officeofsafety/Publicsite/FORM54/F54Report.aspx?RepType=SQL&txtf54key=CSX00018126820190208,19,2,,,,,,CSX,CSX Transportation,000181268,19,2,,8,02/08/2019,8:49 PM,13,Other (describe in narrative),0,0,0,0,PITTSBURGH,,,IRWIN,0304.2,42,PA,PENNSYLVANIA,129,WESTMORELAND,2,19,4,Dark,1,Clear,1,Main,#1 MAIN,3,57.7,4.0,West,1,Freight Train,Yes,L135,24,Estimated,24,6743,2,Not Signaled,,Direct Train Control,,,,,,,0.0,Not a remotely controlled operation,CSXT,3212.0,1,No,,,0,No,,,No,3,0,0,0,0,0,0,0,0,0,35,0,0,0,0,0,0,0,0,0,12827,0,12827,M101,"Snow, ice, mud, gravel, coal, sand, etc. on track",,,M101,"Snow, ice, mud, gravel, coal, sand, etc. on track",1.0,0.0,1.0,0.0,7.0,4.0,7.0,4.0,0,0,0,0,0,0,0,0,0,0,0,0,CWR,000-000-000,40.296524,-79.782969,L13507 HIT MUD/ROCK SLIDE AT THE BF 303.8 DAMAGING 3 LOCOMOTIVE AND 3 CARS.,Main,3,1,1,1,CSX000181268201902,CSX000181268201902,,Class 1,SMT-9 - CSX,CSX,CSX Transportation,CSX Transportation,,,,,,,,Class 1,SMT-9 - CSX,CSX,CSX Transportation,CSX Transportation,POINT (-79.782969 40.296524),3,POINT (-79.782969 40.296524),2019-02-08,,
NS,Norfolk Southern Railway Company,2021,143733,https://safetydata.fra.dot.gov/Officeofsafety/Publicsite/FORM54/F54Report.aspx?RepType=SQL&txtf54key=NS14373320211212,21,12,,,,,,NS,Norfolk Southern Railway Company,143733,21,12,,12,12/12/2021,4:30 AM,9,Obstruction,14,0,0,0,KEYSTONE,,,BALDWIN,ML009.,42,PA,PENNSYLVANIA,3,ALLEGHENY,2,47,1,Dawn,1,Clear,1,Main,DOUBLE-MAIN 2,3,17.0,2.0,South,1,Freight Train,Yes,20WC,40,Estimated,40,20,1,Signaled,,Signal Indication,J,Positive Train Control,,,,,0.0,Not a remotely controlled operation,DTTX,766912.0,6,Yes,,,0,,,,No,2,0,0,0,0,2,0,0,0,0,33,0,1,0,0,5,0,0,0,0,960191,226259,1186450,M404,"Object or equipment on or fouling track - other than above (for  vandalism, see code M503)",,,M404,"Object or equipment on or fouling track - other than above (for  vandalism, see code M503)",1.0,0.0,1.0,0.0,2.0,45.0,2.0,45.0,0,2,0,0,0,0,0,2,0,2,0,2,CWR,000-000-000,40.406665,-79.954499,"EASTBOUND TRAIN 202WC11 STRUCK A ROCK SLIDE AND DERAILED TWO LOCOMOTIVES AND FIVE CARS, CAUSING LOCOMOTIVES TO SPILL APPROXIMATELY 2470 GALLONS OF DIESEL FUEL.",Main,3,1,1,1,NS143733202112,NS143733202112,,Class 1,SMT-3 - Norfolk Southern,NS,Norfolk Southern Railway Company,Norfolk Southern Railway Company,,,,,,,,Class 1,SMT-3 - Norfolk Southern,NS,Norfolk Southern Railway Company,Norfolk Southern Railway Company,POINT (-79.954499 40.406665),3,POINT (-79.954499 40.406665000000004),2021-12-12,,
CSX,CSX Transportation,2018,000177519,https://safetydata.fra.dot.gov/Officeofsafety/Publicsite/FORM54/F54Report.aspx?RepType=SQL&txtf54key=CSX00017751920180709,18,7,,,,,,CSX,CSX Transportation,000177519,18,7,,9,07/09/2018,9:32 AM,1,Derailment,0,0,0,0,CARTERSVILLE,,,CEDARTOWN,0631.6,13,GA,GEORGIA,233,POLK,3,90,2,Day,1,Clear,4,Industry,T2-T3,1,0.0,1.0,North,1,Freight Train,Yes,A700,5,Recorded,5,100,2,Not Signaled,,Other Than Main Track,,,,,,,0.0,Not a remotely controlled operation,PROX,74933.0,1,No,,,0,,,,No,3,0,0,0,0,0,0,0,0,0,0,0,1,0,0,0,0,1,0,0,289,69658,69947,M101,"Snow, ice, mud, gravel, coal, sand, etc. on track",,,M101,"Snow, ice, mud, gravel, coal, sand, etc. on track",1.0,0.0,1.0,0.0,3.0,32.0,3.0,32.0,0,0,0,0,0,0,0,0,0,0,0,0,OTH,000-000-000,34.009215,-85.259238,"A70009 WHILE SWITCHING THE INDUSTRY, THE LOCOMOTIVE BRAKES FAILED TO APPLY SUFFICIENTLY, TO STOP THEMOVEMENT CAUSING THE CAR TO DERAIL.  THE CAUSE WAS A BUILDUP OF GREASE BETWEEN THE BRAKE SHOES ANDTHE WHEELS NOT ALLOWING SUFFICIENT BRAKING POWER AND THE LOCOMOTIVE AND CARS TO SLIDE BEYOND THE DESIRED STOPPING POINT.",Industry,1,1,1,1,CSX000177519201807,CSX000177519201807,,Class 1,SMT-9 - CSX,CSX,CSX Transportation,CSX Transportation,,,,,,,,Class 1,SMT-9 - CSX,CSX,CSX Transportation,CSX Transportation,POINT (-85.259238 34.009215),3,POINT (-85.25923800000001 34.00921499999997),2018-07-09,,
ARR,Alaska Railroad Corporation,2013,20130095,https://safetydata.fra.dot.gov/Officeofsafety/Publicsite/FORM54/F54Report.aspx?RepType=SQL&txtf54key=ARR2013009520131010,13,10,,,,,,ARR,Alaska Railroad Corporation,20130095,13,10,,10,10/10/2013,3:00 AM,1,Derailment,0,0,0,0,TALKEETNA,,,TALKEETNA,247.3,2,AK,ALASKA,170,MATANUSKA SUSITNA,8,35,4,Dark,4,Fog,1,Main,MAIN,3,10.0,2.0,South,1,Freight Train,Yes,183S,30,Estimated,30,3780,2,Not Signaled,,Direct Train Control,,,,,,,0.0,Not a remotely controlled operation,ARR,4015.0,1,No,,,0,,,,No,3,0,0,0,0,1,0,0,0,0,70,0,0,0,0,0,0,0,0,0,2000,15000,17000,M101,"Snow, ice, mud, gravel, coal, sand, etc. on track",,,M101,"Snow, ice, mud, gravel, coal, sand, etc. on track",1.0,0.0,1.0,0.0,6.0,30.0,6.0,30.0,0,0,0,0,0,0,0,0,0,0,0,0,CWR,,62.60026,-150.027313,"LOADED COAL WAS HEADED SOUTHBOUND AND ENCOUNTERED ROCKS OVER BOTH RAIL APPROXIMATELY 4 FEET HIGH. ENGINEER PUT TRAIN INTO EMERGENCY APPROXIMATELY 3 CAR LENGTHS FROM IMPACT. ARR 4015, THE LEAD LOCOMOTIVE, LEAD WHEEL OF LEAD TRUCK DERAILED. TRACK DAMAGE DUE TO THE ROCK SLIDE EXCEEDED THRESHOLD.",Main,3,3,3,1,ARR20130095201310,ARR20130095201310,Shortline,Class 2,SMT-7 - Commuter West,ARR,Alaska Railroad Corporation,Not Assigned,,,,,,,Shortline,Class 2,SMT-7 - Commuter West,ARR,Alaska Railroad Corporation,Not Assigned,POINT (-150.027313 62.60026),3,POINT (-150.027313 62.60025999999997),2013-10-10,,
UP,Union Pacific Railroad Company,2016,0316RS011,https://safetydata.fra.dot.gov/Officeofsafety/Publicsite/FORM54/F54Report.aspx?RepType=SQL&txtf54key=UP0316RS01120160307,16,3,ACEX,Altamont Commuter Express Authority,A03072016,16.0,3.0,UP,Union Pacific Railroad Company,0316RS011,16,3,,7,03/07/2016,7:20 PM,9,Obstruction,0,0,0,0,OAKLAND SUB,,,SUNOL,34.06,6,CA,CALIFORNIA,1,ALAMEDA,7,46,4,Dark,3,Rain,1,Main,SINGLE MAIN TRACK,3,2.6,3.0,East,,,,,0,,40,0,1,Signaled,,Signal Indication,Q,Traffic Control System/CTC,,,,,,,,,0,,,,0,,,,,0,0,0,0,0,0,0,0,0,0,0,0,0,0,0,0,0,0,0,0,0,41959,2650471,M101,"Snow, ice, mud, gravel, coal, sand, etc. on track",,,M101,"Snow, ice, mud, gravel, coal, sand, etc. on track",0.0,0.0,0.0,0.0,,,,,0,0,0,0,0,0,0,0,0,9,0,0,CWR,,37.596406,-121.920091,"ACE10-07 WAS TRAVELLING EASTBOUND ON THE OAKLAND SUBDIVISION WHEN IT STRUCK A MUDSLIDE AND DERAILEDAT MILEPOST 34.06.  TWO CARS HAD DERAILED AND THE LEAD CAR CAME TO REST IN THE ALAMEDA CREEK.  THEREWERE MULTIPLE INJURIES BUT NO FATALITIES INVOLVED.  ACEX EQUIPMENT DAMAGES $2,608,512.82",Main,3,CL,CL,2,UP0316RS011201603,UP0316RS011201603,,Class 1,SMT-6 - UP/KCS,UP,Union Pacific Railroad Company,Union Pacific Railroad Company,"Tourist, Excursion, Historical",Class 3,SMT-7 - Commuter West,ACEX,Altamont Commuter Express Authority,Not Assigned,,Class 1,SMT-6 - UP/KCS,UP,Union Pacific Railroad Company,Union Pacific Railroad Company,POINT (-121.920091 37.596406),3,POINT (-121.920091 37.59640599999998),2016-03-07,,1.0
BNSF,BNSF Railway Company,2020,MT0120101,https://safetydata.fra.dot.gov/Officeofsafety/Publicsite/FORM54/F54Report.aspx?RepType=SQL&txtf54key=BNSFMT012010120200101,20,1,,,,,,BNSF,BNSF Railway Company,MT0120101,20,1,,1,01/01/2020,8:30 PM,1,Derailment,6,2,0,0,KOOTENAI RIVER,,,BONNERS FERRY,1358.7,16,ID,IDAHO,21,BOUNDARY,8,30,3,Dusk,1,Clear,1,Main,SINGLE MAIN TRACK,4,99.67,4.0,West,1,Freight Train,Yes,HNTW,24,Estimated,24,7544,1,Signaled,,Signal Indication,Q,Traffic Control System/CTC,,,,,0.0,Not a remotely controlled operation,BNSF,4347.0,1,,,,0,,,,No,3,0,0,0,0,3,0,0,0,0,41,0,71,0,0,5,0,5,0,0,2959423,590900,3550323,M404,"Object or equipment on or fouling track - other than above (for  vandalism, see code M503)",,,M404,"Object or equipment on or fouling track - other than above (for  vandalism, see code M503)",1.0,0.0,1.0,0.0,6.0,,6.0,,0,1,0,0,0,0,0,1,0,1,0,1,CWR,000-000-000,48.705686,-116.140204,H-NTWPAS9-30A DERAILED 3 LOCOMOTIVES AND 10 RAILCARS WHILE TRAVERSING SINGLE MAIN TRACK DUE TO AN OBSTRUCTION ON THE TRACK. A ROCK SLIDE WAS OBSTRUCTING THE TRACK. APPROXIMATELY 2000 GALLONS OF DIESELFUEL WAS RELEASED FROM THE LEAD LOCOMOTIVE.,Main,4,1,1,1,BNSFMT0120101202001,BNSFMT0120101202001,,Class 1,SMT-5 - BNSF,BNSF,BNSF Railway Company,BNSF Railway Company,,,,,,,,Class 1,SMT-5 - BNSF,BNSF,BNSF Railway Company,BNSF Railway Company,POINT (-116.140204 48.705686),3,POINT (-116.140204 48.705686000000014),2020-01-01,,
